<PAMDataset>
  <PAMRasterBand band="1">
    <Histograms>
      <HistItem>
        <HistMin>0.00523744709789753</HistMin>
        <HistMax>55.32007217407227</HistMax>
        <BucketCount>256</BucketCount>
        <IncludeOutOfRange>1</IncludeOutOfRange>
        <Approximate>0</Approximate>
        <HistCounts>164|174|221|283|361|443|505|581|626|793|825|964|1050|1019|1012|1058|1113|952|1019|967|834|833|805|713|655|660|580|595|476|437|406|353|288|304|285|232|183|194|154|141|127|117|113|89|111|87|79|52|44|65|54|64|52|44|44|38|31|34|26|27|30|20|31|17|13|18|22|18|13|21|14|14|6|15|10|11|7|12|8|12|14|6|7|8|8|4|10|7|4|6|6|5|4|4|3|4|4|4|3|2|4|2|3|5|2|3|1|1|3|2|2|2|2|3|2|3|1|1|0|1|1|0|2|0|3|4|0|3|1|2|2|1|2|1|1|2|0|0|1|2|0|1|0|0|0|1|0|1|0|1|0|2|0|0|0|1|2|0|0|0|0|0|1|0|0|1|1|0|0|1|0|0|0|1|0|1|0|0|0|0|0|0|0|0|0|1|0|0|0|0|0|1|0|0|0|1|1|0|0|0|1|0|0|0|0|1|0|0|0|1|0|0|0|0|0|0|0|1|0|0|1|0|0|0|0|0|0|0|0|0|1|0|0|0|0|0|0|0|1|0|0|0|0|0|0|0|0|0|0|0|0|0|0|0|0|1</HistCounts>
      </HistItem>
    </Histograms>
    <Metadata>
      <MDI key="RepresentationType">ATHEMATIC</MDI>
      <MDI key="STATISTICS_COVARIANCES">10.25545625215288</MDI>
      <MDI key="STATISTICS_EXCLUDEDVALUES"></MDI>
      <MDI key="STATISTICS_MAXIMUM">55.320072174072</MDI>
      <MDI key="STATISTICS_MEAN">4.5922386090265</MDI>
      <MDI key="STATISTICS_MINIMUM">0.0052374470978975</MDI>
      <MDI key="STATISTICS_SKIPFACTORX">1</MDI>
      <MDI key="STATISTICS_SKIPFACTORY">1</MDI>
      <MDI key="STATISTICS_STDDEV">3.2024141287711</MDI>
    </Metadata>
  </PAMRasterBand>
</PAMDataset>
