<PAMDataset>
  <PAMRasterBand band="1">
    <Histograms>
      <HistItem>
        <HistMin>0</HistMin>
        <HistMax>40826.3125</HistMax>
        <BucketCount>256</BucketCount>
        <IncludeOutOfRange>1</IncludeOutOfRange>
        <Approximate>0</Approximate>
        <HistCounts>3799|2691|2442|1817|1390|1158|968|779|700|692|591|569|482|414|313|302|300|287|267|257|247|215|208|183|162|170|147|134|122|145|120|118|117|115|100|102|92|90|77|86|87|58|87|67|75|51|64|55|56|61|58|55|58|49|46|40|46|32|39|41|41|32|35|31|48|29|37|33|36|24|29|24|26|24|25|22|24|15|18|22|23|17|17|23|10|10|14|20|10|9|10|8|12|9|14|12|8|7|6|5|8|6|6|3|8|6|3|4|5|3|6|3|6|3|6|7|2|4|4|2|3|6|2|7|2|4|1|2|2|2|2|0|1|1|1|0|2|1|0|0|0|1|2|1|4|2|0|1|1|3|0|0|0|0|1|1|1|1|0|0|1|0|0|0|0|2|0|0|0|0|2|1|0|0|0|0|0|0|0|0|1|0|0|0|0|0|1|0|0|0|0|0|0|0|0|0|1|0|0|1|1|0|0|0|0|0|0|0|0|0|0|0|0|0|0|0|0|0|0|0|0|0|0|0|0|1|0|0|0|0|0|0|1|0|0|0|0|0|0|0|0|0|0|0|0|0|0|0|0|0|0|0|0|0|0|1</HistCounts>
      </HistItem>
    </Histograms>
    <Metadata>
      <MDI key="RepresentationType">ATHEMATIC</MDI>
      <MDI key="STATISTICS_COVARIANCES">9454423.029756863</MDI>
      <MDI key="STATISTICS_EXCLUDEDVALUES"></MDI>
      <MDI key="STATISTICS_MAXIMUM">40826.3125</MDI>
      <MDI key="STATISTICS_MEAN">2059.7243428633</MDI>
      <MDI key="STATISTICS_MINIMUM">0</MDI>
      <MDI key="STATISTICS_SKIPFACTORX">1</MDI>
      <MDI key="STATISTICS_SKIPFACTORY">1</MDI>
      <MDI key="STATISTICS_STDDEV">3074.8045514726</MDI>
    </Metadata>
  </PAMRasterBand>
</PAMDataset>
