<?xml version="1.0" encoding="UTF-8"?>
<metadata xml:lang="zh"><Esri><CreaDate>20220322</CreaDate><CreaTime>02252600</CreaTime><ArcGISFormat>1.0</ArcGISFormat><SyncOnce>TRUE</SyncOnce><DataProperties><lineage><Process ToolSource="c:\program files (x86)\arcgis\desktop10.8\ArcToolbox\Toolboxes\Analysis Tools.tbx\Intersect" Date="20220322" Time="022526">Intersect "transit_fishnet1 #;Transit #" "D:\capstone\process\geodetector\New Folder\transit_inter.shp" ALL # INPUT</Process></lineage></DataProperties></Esri></metadata>
