<?xml version="1.0" encoding="UTF-8"?>
<metadata xml:lang="zh"><Esri><CreaDate>20220322</CreaDate><CreaTime>02353800</CreaTime><ArcGISFormat>1.0</ArcGISFormat><SyncOnce>TRUE</SyncOnce><DataProperties><lineage><Process ToolSource="c:\program files (x86)\arcgis\desktop10.8\ArcToolbox\Toolboxes\Spatial Analyst Tools.tbx\ZonalStatisticsAsTable" Date="20220322" Time="023538">ZonalStatisticsAsTable D:\capstone\process\geodetector\zcta_proj.shp OBJECTID tran "D:\capstone\process\geodetector\New Folder\tran_zonal.dbf" DATA MEAN</Process></lineage></DataProperties></Esri></metadata>
