<?xml version="1.0" encoding="UTF-8"?>
<metadata xml:lang="zh"><Esri><CreaDate>20220324</CreaDate><CreaTime>00101300</CreaTime><ArcGISFormat>1.0</ArcGISFormat><SyncOnce>FALSE</SyncOnce><DataProperties><itemProps><itemName Sync="TRUE">new_wk4</itemName><imsContentType Sync="TRUE">002</imsContentType><itemSize Sync="TRUE">0.000</itemSize><itemLocation><linkage Sync="TRUE">file://\\DESKTOP-56GK6RD\D$\capstone\process\walk_NW\new_wk4.shp</linkage><protocol Sync="TRUE">Local Area Network</protocol></itemLocation></itemProps><coordRef><type Sync="TRUE">Projected</type><geogcsn Sync="TRUE">GCS_WGS_1984</geogcsn><csUnits Sync="TRUE">Linear Unit: Meter (1.000000)</csUnits><projcsn Sync="TRUE">WGS_1984_UTM_Zone_18N</projcsn><peXml Sync="TRUE">&lt;ProjectedCoordinateSystem xsi:type='typens:ProjectedCoordinateSystem' xmlns:xsi='http://www.w3.org/2001/XMLSchema-instance' xmlns:xs='http://www.w3.org/2001/XMLSchema' xmlns:typens='http://www.esri.com/schemas/ArcGIS/10.7'&gt;&lt;WKT&gt;PROJCS[&amp;quot;WGS_1984_UTM_Zone_18N&amp;quot;,GEOGCS[&amp;quot;GCS_WGS_1984&amp;quot;,DATUM[&amp;quot;D_WGS_1984&amp;quot;,SPHEROID[&amp;quot;WGS_1984&amp;quot;,6378137.0,298.257223563]],PRIMEM[&amp;quot;Greenwich&amp;quot;,0.0],UNIT[&amp;quot;Degree&amp;quot;,0.0174532925199433]],PROJECTION[&amp;quot;Transverse_Mercator&amp;quot;],PARAMETER[&amp;quot;False_Easting&amp;quot;,500000.0],PARAMETER[&amp;quot;False_Northing&amp;quot;,0.0],PARAMETER[&amp;quot;Central_Meridian&amp;quot;,-75.0],PARAMETER[&amp;quot;Scale_Factor&amp;quot;,0.9996],PARAMETER[&amp;quot;Latitude_Of_Origin&amp;quot;,0.0],UNIT[&amp;quot;Meter&amp;quot;,1.0],AUTHORITY[&amp;quot;EPSG&amp;quot;,32618]]&lt;/WKT&gt;&lt;XOrigin&gt;-5120900&lt;/XOrigin&gt;&lt;YOrigin&gt;-9998100&lt;/YOrigin&gt;&lt;XYScale&gt;450445547.3910538&lt;/XYScale&gt;&lt;ZOrigin&gt;-100000&lt;/ZOrigin&gt;&lt;ZScale&gt;10000&lt;/ZScale&gt;&lt;MOrigin&gt;-100000&lt;/MOrigin&gt;&lt;MScale&gt;10000&lt;/MScale&gt;&lt;XYTolerance&gt;0.001&lt;/XYTolerance&gt;&lt;ZTolerance&gt;0.001&lt;/ZTolerance&gt;&lt;MTolerance&gt;0.001&lt;/MTolerance&gt;&lt;HighPrecision&gt;true&lt;/HighPrecision&gt;&lt;WKID&gt;32618&lt;/WKID&gt;&lt;LatestWKID&gt;32618&lt;/LatestWKID&gt;&lt;/ProjectedCoordinateSystem&gt;</peXml></coordRef><lineage><Process ToolSource="c:\program files (x86)\arcgis\desktop10.8\ArcToolbox\Toolboxes\Data Management Tools.tbx\Merge" Date="20220204" Time="221656">Merge new_exp;walkproj1 C:\Users\zheng\Desktop\Capstone\Zheng-Anran-AccessTestingSite\process\new_walk_proj.shp "osm_id "osm_id" true true false 11 Double 0 11 ,First,#,new_exp,osm_id,-1,-1,walkproj1,osm_id,-1,-1;name "name" true true false 48 Text 0 0 ,First,#,new_exp,name,-1,-1,walkproj1,name,-1,-1;ref "ref" true true false 16 Text 0 0 ,First,#,new_exp,ref,-1,-1,walkproj1,ref,-1,-1;type "type" true true false 16 Text 0 0 ,First,#,new_exp,type,-1,-1,walkproj1,type,-1,-1;oneway "oneway" true true false 1 Short 0 1 ,First,#,new_exp,oneway,-1,-1,walkproj1,oneway,-1,-1;bridge "bridge" true true false 1 Short 0 1 ,First,#,new_exp,bridge,-1,-1,walkproj1,bridge,-1,-1;maxspeed "maxspeed" true true false 3 Short 0 3 ,First,#,new_exp,maxspeed,-1,-1,walkproj1,maxspeed,-1,-1;OBJECTID "OBJECTID" true true false 4 Long 0 0 ,First,#,walkproj1,OBJECTID,-1,-1;Shape_Leng "Shape_Leng" true true false 8 Double 0 0 ,First,#,walkproj1,Shape_Leng,-1,-1;length "length" true true false 8 Double 0 0 ,First,#,walkproj1,length,-1,-1;wk_time "wk_time" true true false 8 Double 0 0 ,First,#,walkproj1,wk_time,-1,-1;Shape_Le_1 "Shape_Le_1" false true true 8 Double 0 0 ,First,#,walkproj1,Shape_Length,-1,-1"</Process><Process ToolSource="c:\program files (x86)\arcgis\desktop10.8\ArcToolbox\Toolboxes\Conversion Tools.tbx\FeatureClassToFeatureClass" Date="20220204" Time="221905">FeatureClassToFeatureClass new_walk_proj C:\Users\zheng\Desktop\Capstone\MyProject\MyProject.gdb new_wk # "osm_id "osm_id" true true false 11 Double 0 11 ,First,#,new_walk_proj,osm_id,-1,-1;name "name" true true false 48 Text 0 0 ,First,#,new_walk_proj,name,-1,-1;ref "ref" true true false 16 Text 0 0 ,First,#,new_walk_proj,ref,-1,-1;type "type" true true false 16 Text 0 0 ,First,#,new_walk_proj,type,-1,-1;oneway "oneway" true true false 1 Short 0 1 ,First,#,new_walk_proj,oneway,-1,-1;bridge "bridge" true true false 1 Short 0 1 ,First,#,new_walk_proj,bridge,-1,-1;maxspeed "maxspeed" true true false 3 Short 0 3 ,First,#,new_walk_proj,maxspeed,-1,-1;OBJECTID "OBJECTID" true true false 10 Long 0 10 ,First,#,new_walk_proj,OBJECTID,-1,-1;Shape_Leng "Shape_Leng" true true false 19 Double 0 0 ,First,#,new_walk_proj,Shape_Leng,-1,-1;length "length" true true false 19 Double 0 0 ,First,#,new_walk_proj,length,-1,-1;wk_time "wk_time" true true false 19 Double 0 0 ,First,#,new_walk_proj,wk_time,-1,-1;Shape_Le_1 "Shape_Le_1" true true false 19 Double 0 0 ,First,#,new_walk_proj,Shape_Le_1,-1,-1" #</Process><Process ToolSource="c:\program files (x86)\arcgis\desktop10.8\ArcToolbox\Toolboxes\Data Management Tools.tbx\Merge" Date="20220208" Time="205559">Merge D:\capstone\MyProject\MyProject.gdb\new_wk2;D:\capstone\Zheng-Anran-AccessTestingSite\process\second_road.shp D:\capstone\process\walk_NW\new_wk4.shp "osm_id "osm_id" true true false 8 Double 0 0 ,First,#,D:\capstone\MyProject\MyProject.gdb\new_wk2,osm_id,-1,-1,D:\capstone\Zheng-Anran-AccessTestingSite\process\second_road.shp,osm_id,-1,-1;name "name" true true false 48 Text 0 0 ,First,#,D:\capstone\MyProject\MyProject.gdb\new_wk2,name,-1,-1,D:\capstone\Zheng-Anran-AccessTestingSite\process\second_road.shp,name,-1,-1;ref "ref" true true false 16 Text 0 0 ,First,#,D:\capstone\MyProject\MyProject.gdb\new_wk2,ref,-1,-1,D:\capstone\Zheng-Anran-AccessTestingSite\process\second_road.shp,ref,-1,-1;type "type" true true false 16 Text 0 0 ,First,#,D:\capstone\MyProject\MyProject.gdb\new_wk2,type,-1,-1,D:\capstone\Zheng-Anran-AccessTestingSite\process\second_road.shp,type,-1,-1;oneway "oneway" true true false 2 Short 0 0 ,First,#,D:\capstone\MyProject\MyProject.gdb\new_wk2,oneway,-1,-1,D:\capstone\Zheng-Anran-AccessTestingSite\process\second_road.shp,oneway,-1,-1;bridge "bridge" true true false 2 Short 0 0 ,First,#,D:\capstone\MyProject\MyProject.gdb\new_wk2,bridge,-1,-1,D:\capstone\Zheng-Anran-AccessTestingSite\process\second_road.shp,bridge,-1,-1;maxspeed "maxspeed" true true false 2 Short 0 0 ,First,#,D:\capstone\MyProject\MyProject.gdb\new_wk2,maxspeed,-1,-1,D:\capstone\Zheng-Anran-AccessTestingSite\process\second_road.shp,maxspeed,-1,-1;OBJECTID "OBJECTID" true true false 4 Long 0 0 ,First,#,D:\capstone\MyProject\MyProject.gdb\new_wk2,OBJECTID,-1,-1;Shape_Leng "Shape_Leng" true true false 8 Double 0 0 ,First,#,D:\capstone\MyProject\MyProject.gdb\new_wk2,Shape_Leng,-1,-1;length "length" true true false 8 Double 0 0 ,First,#,D:\capstone\MyProject\MyProject.gdb\new_wk2,length,-1,-1;wk_time "wk_time" true true false 8 Double 0 0 ,First,#,D:\capstone\MyProject\MyProject.gdb\new_wk2,wk_time,-1,-1;Shape_Le_1 "Shape_Le_1" true true false 8 Double 0 0 ,First,#,D:\capstone\MyProject\MyProject.gdb\new_wk2,Shape_Le_1,-1,-1;Shape_Le_2 "Shape_Le_2" false true true 8 Double 0 0 ,First,#,D:\capstone\MyProject\MyProject.gdb\new_wk2,Shape_Length,-1,-1"</Process></lineage></DataProperties><SyncDate>20220208</SyncDate><SyncTime>20524900</SyncTime><ModDate>20220208</ModDate><ModTime>20524900</ModTime></Esri><dataIdInfo><envirDesc Sync="TRUE"> Version 6.2 (Build 9200) ; Esri ArcGIS 10.8.0.12790</envirDesc><dataLang><languageCode value="zho" Sync="TRUE"></languageCode><countryCode value="CHN" Sync="TRUE"></countryCode></dataLang><idCitation><resTitle Sync="TRUE">new_wk4</resTitle><presForm><PresFormCd value="005" Sync="TRUE"></PresFormCd></presForm></idCitation><spatRpType><SpatRepTypCd value="001" Sync="TRUE"></SpatRepTypCd></spatRpType></dataIdInfo><mdLang><languageCode value="zho" Sync="TRUE"></languageCode><countryCode value="CHN" Sync="TRUE"></countryCode></mdLang><mdChar><CharSetCd value="004" Sync="TRUE"></CharSetCd></mdChar><distInfo><distFormat><formatName Sync="TRUE">Shapefile</formatName></distFormat><distTranOps><transSize Sync="TRUE">0.000</transSize></distTranOps></distInfo><mdHrLv><ScopeCd value="005" Sync="TRUE"></ScopeCd></mdHrLv><mdHrLvName Sync="TRUE">dataset</mdHrLvName><refSysInfo><RefSystem><refSysID><identCode code="32618" Sync="TRUE"></identCode><idCodeSpace Sync="TRUE">EPSG</idCodeSpace><idVersion Sync="TRUE">2.1(3.0.1)</idVersion></refSysID></RefSystem></refSysInfo><spatRepInfo><VectSpatRep><geometObjs Name="new_wk4"><geoObjTyp><GeoObjTypCd value="002" Sync="TRUE"></GeoObjTypCd></geoObjTyp><geoObjCnt Sync="TRUE">0</geoObjCnt></geometObjs><topLvl><TopoLevCd value="001" Sync="TRUE"></TopoLevCd></topLvl></VectSpatRep></spatRepInfo><spdoinfo><ptvctinf><esriterm Name="new_wk4"><efeatyp Sync="TRUE">Simple</efeatyp><efeageom code="3" Sync="TRUE"></efeageom><esritopo Sync="TRUE">FALSE</esritopo><efeacnt Sync="TRUE">0</efeacnt><spindex Sync="TRUE">FALSE</spindex><linrefer Sync="TRUE">FALSE</linrefer></esriterm></ptvctinf></spdoinfo><eainfo><detailed Name="new_wk4"><enttyp><enttypl Sync="TRUE">new_wk4</enttypl><enttypt Sync="TRUE">Feature Class</enttypt><enttypc Sync="TRUE">0</enttypc></enttyp><attr><attrlabl Sync="TRUE">FID</attrlabl><attalias Sync="TRUE">FID</attalias><attrtype Sync="TRUE">OID</attrtype><attwidth Sync="TRUE">4</attwidth><atprecis Sync="TRUE">0</atprecis><attscale Sync="TRUE">0</attscale><attrdef Sync="TRUE">Internal feature number.</attrdef><attrdefs Sync="TRUE">Esri</attrdefs><attrdomv><udom Sync="TRUE">Sequential unique whole numbers that are automatically generated.</udom></attrdomv></attr><attr><attrlabl Sync="TRUE">Shape</attrlabl><attalias Sync="TRUE">Shape</attalias><attrtype Sync="TRUE">Geometry</attrtype><attwidth Sync="TRUE">0</attwidth><atprecis Sync="TRUE">0</atprecis><attscale Sync="TRUE">0</attscale><attrdef Sync="TRUE">Feature geometry.</attrdef><attrdefs Sync="TRUE">Esri</attrdefs><attrdomv><udom Sync="TRUE">Coordinates defining the features.</udom></attrdomv></attr><attr><attrlabl Sync="TRUE">osm_id</attrlabl><attalias Sync="TRUE">osm_id</attalias><attrtype Sync="TRUE">Double</attrtype><attwidth Sync="TRUE">19</attwidth><atprecis Sync="TRUE">0</atprecis><attscale Sync="TRUE">0</attscale></attr><attr><attrlabl Sync="TRUE">name</attrlabl><attalias Sync="TRUE">name</attalias><attrtype Sync="TRUE">String</attrtype><attwidth Sync="TRUE">48</attwidth><atprecis Sync="TRUE">0</atprecis><attscale Sync="TRUE">0</attscale></attr><attr><attrlabl Sync="TRUE">ref</attrlabl><attalias Sync="TRUE">ref</attalias><attrtype Sync="TRUE">String</attrtype><attwidth Sync="TRUE">16</attwidth><atprecis Sync="TRUE">0</atprecis><attscale Sync="TRUE">0</attscale></attr><attr><attrlabl Sync="TRUE">type</attrlabl><attalias Sync="TRUE">type</attalias><attrtype Sync="TRUE">String</attrtype><attwidth Sync="TRUE">16</attwidth><atprecis Sync="TRUE">0</atprecis><attscale Sync="TRUE">0</attscale></attr><attr><attrlabl Sync="TRUE">oneway</attrlabl><attalias Sync="TRUE">oneway</attalias><attrtype Sync="TRUE">Integer</attrtype><attwidth Sync="TRUE">5</attwidth><atprecis Sync="TRUE">5</atprecis><attscale Sync="TRUE">0</attscale></attr><attr><attrlabl Sync="TRUE">bridge</attrlabl><attalias Sync="TRUE">bridge</attalias><attrtype Sync="TRUE">Integer</attrtype><attwidth Sync="TRUE">5</attwidth><atprecis Sync="TRUE">5</atprecis><attscale Sync="TRUE">0</attscale></attr><attr><attrlabl Sync="TRUE">maxspeed</attrlabl><attalias Sync="TRUE">maxspeed</attalias><attrtype Sync="TRUE">Integer</attrtype><attwidth Sync="TRUE">5</attwidth><atprecis Sync="TRUE">5</atprecis><attscale Sync="TRUE">0</attscale></attr><attr><attrlabl Sync="TRUE">OBJECTID</attrlabl><attalias Sync="TRUE">OBJECTID</attalias><attrtype Sync="TRUE">Integer</attrtype><attwidth Sync="TRUE">10</attwidth><atprecis Sync="TRUE">10</atprecis><attscale Sync="TRUE">0</attscale></attr><attr><attrlabl Sync="TRUE">Shape_Leng</attrlabl><attalias Sync="TRUE">Shape_Leng</attalias><attrtype Sync="TRUE">Double</attrtype><attwidth Sync="TRUE">19</attwidth><atprecis Sync="TRUE">0</atprecis><attscale Sync="TRUE">0</attscale></attr><attr><attrlabl Sync="TRUE">length</attrlabl><attalias Sync="TRUE">length</attalias><attrtype Sync="TRUE">Double</attrtype><attwidth Sync="TRUE">19</attwidth><atprecis Sync="TRUE">0</atprecis><attscale Sync="TRUE">0</attscale></attr><attr><attrlabl Sync="TRUE">wk_time</attrlabl><attalias Sync="TRUE">wk_time</attalias><attrtype Sync="TRUE">Double</attrtype><attwidth Sync="TRUE">19</attwidth><atprecis Sync="TRUE">0</atprecis><attscale Sync="TRUE">0</attscale></attr><attr><attrlabl Sync="TRUE">Shape_Le_1</attrlabl><attalias Sync="TRUE">Shape_Le_1</attalias><attrtype Sync="TRUE">Double</attrtype><attwidth Sync="TRUE">19</attwidth><atprecis Sync="TRUE">0</atprecis><attscale Sync="TRUE">0</attscale></attr><attr><attrlabl Sync="TRUE">Shape_Le_2</attrlabl><attalias Sync="TRUE">Shape_Le_2</attalias><attrtype Sync="TRUE">Double</attrtype><attwidth Sync="TRUE">19</attwidth><atprecis Sync="TRUE">0</atprecis><attscale Sync="TRUE">0</attscale></attr></detailed></eainfo><mdDateSt Sync="TRUE">20220208</mdDateSt></metadata>
