<?xml version="1.0" encoding="UTF-8"?>
<metadata xml:lang="zh"><Esri><CreaDate>20220324</CreaDate><CreaTime>00063300</CreaTime><ArcGISFormat>1.0</ArcGISFormat><SyncOnce>FALSE</SyncOnce><DataProperties><itemProps><itemName Sync="TRUE">subway_stations</itemName><imsContentType Sync="TRUE">002</imsContentType><itemSize Sync="TRUE">0.000</itemSize><itemLocation><linkage Sync="TRUE">file://\\DESKTOP-56GK6RD\D$\capstone\process\subway\subway_NW\subway_stations.shp</linkage><protocol Sync="TRUE">Local Area Network</protocol></itemLocation></itemProps><coordRef><type Sync="TRUE">Projected</type><geogcsn Sync="TRUE">GCS_WGS_1984</geogcsn><csUnits Sync="TRUE">Linear Unit: Meter (1.000000)</csUnits><peXml Sync="TRUE">&lt;ProjectedCoordinateSystem xsi:type='typens:ProjectedCoordinateSystem' xmlns:xsi='http://www.w3.org/2001/XMLSchema-instance' xmlns:xs='http://www.w3.org/2001/XMLSchema' xmlns:typens='http://www.esri.com/schemas/ArcGIS/2.9.0'&gt;&lt;WKT&gt;PROJCS[&amp;quot;WGS_1984_Web_Mercator_Auxiliary_Sphere&amp;quot;,GEOGCS[&amp;quot;GCS_WGS_1984&amp;quot;,DATUM[&amp;quot;D_WGS_1984&amp;quot;,SPHEROID[&amp;quot;WGS_1984&amp;quot;,6378137.0,298.257223563]],PRIMEM[&amp;quot;Greenwich&amp;quot;,0.0],UNIT[&amp;quot;Degree&amp;quot;,0.0174532925199433]],PROJECTION[&amp;quot;Mercator_Auxiliary_Sphere&amp;quot;],PARAMETER[&amp;quot;False_Easting&amp;quot;,0.0],PARAMETER[&amp;quot;False_Northing&amp;quot;,0.0],PARAMETER[&amp;quot;Central_Meridian&amp;quot;,0.0],PARAMETER[&amp;quot;Standard_Parallel_1&amp;quot;,0.0],PARAMETER[&amp;quot;Auxiliary_Sphere_Type&amp;quot;,0.0],UNIT[&amp;quot;Meter&amp;quot;,1.0],AUTHORITY[&amp;quot;EPSG&amp;quot;,3857]]&lt;/WKT&gt;&lt;XOrigin&gt;-20037700&lt;/XOrigin&gt;&lt;YOrigin&gt;-30241100&lt;/YOrigin&gt;&lt;XYScale&gt;148923141.92838538&lt;/XYScale&gt;&lt;ZOrigin&gt;-100000&lt;/ZOrigin&gt;&lt;ZScale&gt;10000&lt;/ZScale&gt;&lt;MOrigin&gt;-100000&lt;/MOrigin&gt;&lt;MScale&gt;10000&lt;/MScale&gt;&lt;XYTolerance&gt;0.001&lt;/XYTolerance&gt;&lt;ZTolerance&gt;0.001&lt;/ZTolerance&gt;&lt;MTolerance&gt;0.001&lt;/MTolerance&gt;&lt;HighPrecision&gt;true&lt;/HighPrecision&gt;&lt;WKID&gt;102100&lt;/WKID&gt;&lt;LatestWKID&gt;3857&lt;/LatestWKID&gt;&lt;/ProjectedCoordinateSystem&gt;</peXml><projcsn Sync="TRUE">WGS_1984_Web_Mercator_Auxiliary_Sphere</projcsn></coordRef><lineage><Process ToolSource="c:\program files\arcgis\pro\Resources\ArcToolbox\toolboxes\Data Management Tools.tbx\CopyFeatures" Date="20220202" Time="193509">CopyFeatures in_memory/table_merged_intermediate C:\Users\zheng\Desktop\Capstone\Zheng-Anran-AccessTestingSite\process\bus_stops.shp # # # #</Process><Process ToolSource="c:\program files\arcgis\pro\Resources\ArcToolbox\toolboxes\Data Management Tools.tbx\AddSpatialIndex" Date="20220202" Time="193510">AddSpatialIndex C:\Users\zheng\Desktop\Capstone\Zheng-Anran-AccessTestingSite\process\bus_stops.shp 0 0 0</Process><Process ToolSource="c:\program files\arcgis\pro\Resources\ArcToolbox\toolboxes\Data Management Tools.tbx\XYTableToPoint" Date="20220202" Time="193510">XYTableToPoint stops.txt C:\Users\zheng\Desktop\Capstone\Zheng-Anran-AccessTestingSite\process\bus_stops.shp stop_lon stop_lat # "GEOGCS["GCS_WGS_1984",DATUM["D_WGS_1984",SPHEROID["WGS_1984",6378137.0,298.257223563]],PRIMEM["Greenwich",0.0],UNIT["Degree",0.0174532925199433]];-400 -400 1000000000;-100000 10000;-100000 10000;8.98315284119521E-09;0.001;0.001;IsHighPrecision"</Process><Process ToolSource="c:\program files\arcgis\pro\Resources\ArcToolbox\toolboxes\Conversion Tools.tbx\FeatureClassToFeatureClass" Date="20220212" Time="213945">FeatureClassToFeatureClass subway_stops D:\capstone\MyProject\MyProject.gdb subway_number # "stop_id "stop_id" true true false 254 Text 0 0,First,#,subway_stops,stop_id,0,254;stop_code "stop_code" true true false 254 Text 0 0,First,#,subway_stops,stop_code,0,254;stop_name "stop_name" true true false 254 Text 0 0,First,#,subway_stops,stop_name,0,254;stop_desc "stop_desc" true true false 254 Text 0 0,First,#,subway_stops,stop_desc,0,254;stop_lat "stop_lat" true true false 19 Double 0 0,First,#,subway_stops,stop_lat,-1,-1;stop_lon "stop_lon" true true false 19 Double 0 0,First,#,subway_stops,stop_lon,-1,-1;zone_id "zone_id" true true false 254 Text 0 0,First,#,subway_stops,zone_id,0,254;stop_url "stop_url" true true false 254 Text 0 0,First,#,subway_stops,stop_url,0,254;location_t "location_t" true true false 10 Long 0 10,First,#,subway_stops,location_t,-1,-1;parent_sta "parent_sta" true true false 254 Text 0 0,First,#,subway_stops,parent_sta,0,254" #</Process><Process ToolSource="c:\program files\arcgis\pro\Resources\ArcToolbox\toolboxes\Conversion Tools.tbx\FeatureClassToFeatureClass" Date="20220214" Time="212252">FeatureClassToFeatureClass subway_number D:\capstone\process\bus\GTFS_to_shp.gdb\subway subway_number # "stop_id "stop_id" true true false 254 Text 0 0,First,#,subway_number,stop_id,0,254;stop_code "stop_code" true true false 254 Text 0 0,First,#,subway_number,stop_code,0,254;stop_name "stop_name" true true false 254 Text 0 0,First,#,subway_number,stop_name,0,254;stop_desc "stop_desc" true true false 254 Text 0 0,First,#,subway_number,stop_desc,0,254;stop_lat "stop_lat" true true false 8 Double 0 0,First,#,subway_number,stop_lat,-1,-1;stop_lon "stop_lon" true true false 8 Double 0 0,First,#,subway_number,stop_lon,-1,-1;zone_id "zone_id" true true false 254 Text 0 0,First,#,subway_number,zone_id,0,254;stop_url "stop_url" true true false 254 Text 0 0,First,#,subway_number,stop_url,0,254;location_t "location_t" true true false 4 Long 0 0,First,#,subway_number,location_t,-1,-1;parent_sta "parent_sta" true true false 254 Text 0 0,First,#,subway_number,parent_sta,0,254" #</Process><Process ToolSource="c:\program files\arcgis\pro\Resources\ArcToolbox\toolboxes\Data Management Tools.tbx\Rename" Date="20220214" Time="213428">Rename D:\capstone\process\bus\GTFS_to_shp.gdb\subway\subway_number D:\capstone\process\bus\GTFS_to_shp.gdb\subway\Stop FeatureClass</Process><Process ToolSource="c:\program files\arcgis\pro\Resources\ArcToolbox\toolboxes\Data Management Tools.tbx\Rename" Date="20220214" Time="213547">Rename D:\capstone\process\bus\GTFS_to_shp.gdb\subway\Stop D:\capstone\process\bus\GTFS_to_shp.gdb\subway\Stops FeatureClass</Process><Process ToolSource="c:\program files\arcgis\pro\Resources\ArcToolbox\toolboxes\Data Management Tools.tbx\UpdateSchema" Date="20220214" Time="215655">UpdateSchema "CIMDATA=&lt;CIMFeatureDatasetDataConnection xsi:type='typens:CIMFeatureDatasetDataConnection' xmlns:xsi='http://www.w3.org/2001/XMLSchema-instance' xmlns:xs='http://www.w3.org/2001/XMLSchema' xmlns:typens='http://www.esri.com/schemas/ArcGIS/2.9.0'&gt;&lt;FeatureDataset&gt;subway&lt;/FeatureDataset&gt;&lt;WorkspaceConnectionString&gt;DATABASE=D:\capstone\process\bus\GTFS_to_shp.gdb&lt;/WorkspaceConnectionString&gt;&lt;WorkspaceFactory&gt;FileGDB&lt;/WorkspaceFactory&gt;&lt;Dataset&gt;Stops&lt;/Dataset&gt;&lt;DatasetType&gt;esriDTFeatureClass&lt;/DatasetType&gt;&lt;/CIMFeatureDatasetDataConnection&gt;" &lt;operationSequence&gt;&lt;workflow&gt;&lt;AlterField&gt;&lt;field_name&gt;stop_id&lt;/field_name&gt;&lt;new_field_name&gt;ID&lt;/new_field_name&gt;&lt;field_type&gt;TEXT&lt;/field_type&gt;&lt;field_is_nullable&gt;True&lt;/field_is_nullable&gt;&lt;clear_field_alias&gt;False&lt;/clear_field_alias&gt;&lt;/AlterField&gt;&lt;/workflow&gt;&lt;/operationSequence&gt;</Process><Process ToolSource="c:\program files\arcgis\pro\Resources\ArcToolbox\toolboxes\Data Management Tools.tbx\UpdateSchema" Date="20220214" Time="215748">UpdateSchema "CIMDATA=&lt;CIMFeatureDatasetDataConnection xsi:type='typens:CIMFeatureDatasetDataConnection' xmlns:xsi='http://www.w3.org/2001/XMLSchema-instance' xmlns:xs='http://www.w3.org/2001/XMLSchema' xmlns:typens='http://www.esri.com/schemas/ArcGIS/2.9.0'&gt;&lt;FeatureDataset&gt;subway&lt;/FeatureDataset&gt;&lt;WorkspaceConnectionString&gt;DATABASE=D:\capstone\process\bus\GTFS_to_shp.gdb&lt;/WorkspaceConnectionString&gt;&lt;WorkspaceFactory&gt;FileGDB&lt;/WorkspaceFactory&gt;&lt;Dataset&gt;Stops&lt;/Dataset&gt;&lt;DatasetType&gt;esriDTFeatureClass&lt;/DatasetType&gt;&lt;/CIMFeatureDatasetDataConnection&gt;" &lt;operationSequence&gt;&lt;workflow&gt;&lt;AlterField&gt;&lt;field_name&gt;ID&lt;/field_name&gt;&lt;field_alias&gt;ID&lt;/field_alias&gt;&lt;field_type&gt;TEXT&lt;/field_type&gt;&lt;field_is_nullable&gt;True&lt;/field_is_nullable&gt;&lt;clear_field_alias&gt;False&lt;/clear_field_alias&gt;&lt;/AlterField&gt;&lt;/workflow&gt;&lt;/operationSequence&gt;</Process><Process ToolSource="c:\program files\arcgis\pro\Resources\ArcToolbox\toolboxes\Public Transit Tools.tbx\ConnectPublicTransitDataModelToStreets" Date="20220214" Time="220102">ConnectPublicTransitDataModelToStreets D:\capstone\process\bus\GTFS_to_shp.gdb\subway subway_select "50 Meters" #</Process><Process ToolSource="c:\program files\arcgis\pro\Resources\ArcToolbox\toolboxes\Public Transit Tools.tbx\ConnectPublicTransitDataModelToStreets" Date="20220214" Time="232349">ConnectPublicTransitDataModelToStreets D:\capstone\process\bus\GTFS_to_shp.gdb\subway subway_select_Merge "50 Meters" #</Process><Process ToolSource="c:\program files\arcgis\pro\Resources\ArcToolbox\toolboxes\Data Management Tools.tbx\CopyFeatures" Date="20220214" Time="233635">CopyFeatures D:\capstone\process\bus\GTFS_to_shp.gdb\subway\Stops D:\capstone\process\bus\GTFS_to_shp.gdb\subway\StopsOnStreets # # # #</Process><Process ToolSource="c:\program files\arcgis\pro\Resources\ArcToolbox\toolboxes\Editing Tools.tbx\Snap" Date="20220214" Time="233640">Snap D:\capstone\process\bus\GTFS_to_shp.gdb\subway\StopsOnStreets "StreetLayer EDGE '50 Meters'"</Process><Process ToolSource="c:\program files\arcgis\pro\Resources\ArcToolbox\toolboxes\Data Management Tools.tbx\Integrate" Date="20220214" Time="233815">Integrate "subway_merge1 1;D:\capstone\process\bus\GTFS_to_shp.gdb\subway\StopsOnStreets 2" "0 Meters"</Process><Process ToolSource="c:\program files\arcgis\pro\Resources\ArcToolbox\toolboxes\Public Transit Tools.tbx\ConnectPublicTransitDataModelToStreets" Date="20220214" Time="233816">ConnectPublicTransitDataModelToStreets D:\capstone\process\bus\GTFS_to_shp.gdb\subway subway_merge1 "50 Meters" #</Process><Process ToolSource="c:\program files\arcgis\pro\Resources\ArcToolbox\toolboxes\Conversion Tools.tbx\FeatureClassToFeatureClass" Date="20220217" Time="215120">FeatureClassToFeatureClass StopsOnStreets D:\capstone\process\subway\subway_NW subway_stations.shp # "ID "ID" true true false 254 Text 0 0,First,#,StopsOnStreets,ID,0,254;stop_code "stop_code" true true false 254 Text 0 0,First,#,StopsOnStreets,stop_code,0,254;stop_name "stop_name" true true false 254 Text 0 0,First,#,StopsOnStreets,stop_name,0,254;stop_desc "stop_desc" true true false 254 Text 0 0,First,#,StopsOnStreets,stop_desc,0,254;stop_lat "stop_lat" true true false 8 Double 0 0,First,#,StopsOnStreets,stop_lat,-1,-1;stop_lon "stop_lon" true true false 8 Double 0 0,First,#,StopsOnStreets,stop_lon,-1,-1;zone_id "zone_id" true true false 254 Text 0 0,First,#,StopsOnStreets,zone_id,0,254;stop_url "stop_url" true true false 254 Text 0 0,First,#,StopsOnStreets,stop_url,0,254;location_t "location_t" true true false 4 Long 0 0,First,#,StopsOnStreets,location_t,-1,-1;parent_sta "parent_sta" true true false 254 Text 0 0,First,#,StopsOnStreets,parent_sta,0,254" #</Process></lineage></DataProperties><SyncDate>20220217</SyncDate><SyncTime>21512000</SyncTime><ModDate>20220217</ModDate><ModTime>21512000</ModTime></Esri><dataIdInfo><envirDesc Sync="TRUE">Microsoft Windows 10 Version 10.0 (Build 19042) ; Esri ArcGIS 12.9.0.32739</envirDesc><dataLang><languageCode value="zho" Sync="TRUE"></languageCode><countryCode value="CHN" Sync="TRUE"></countryCode></dataLang><idCitation><resTitle Sync="TRUE">subway_stations</resTitle><presForm><PresFormCd value="005" Sync="TRUE"></PresFormCd></presForm></idCitation><spatRpType><SpatRepTypCd value="001" Sync="TRUE"></SpatRepTypCd></spatRpType></dataIdInfo><mdLang><languageCode value="zho" Sync="TRUE"></languageCode><countryCode value="CHN" Sync="TRUE"></countryCode></mdLang><mdChar><CharSetCd value="004" Sync="TRUE"></CharSetCd></mdChar><distInfo><distFormat><formatName Sync="TRUE">Shapefile</formatName></distFormat><distTranOps><transSize Sync="TRUE">0.000</transSize></distTranOps></distInfo><mdHrLv><ScopeCd value="005" Sync="TRUE"></ScopeCd></mdHrLv><mdHrLvName Sync="TRUE">dataset</mdHrLvName><refSysInfo><RefSystem><refSysID><identCode code="3857" Sync="TRUE"></identCode><idCodeSpace Sync="TRUE">EPSG</idCodeSpace><idVersion Sync="TRUE">6.18.3(9.3.1.2)</idVersion></refSysID></RefSystem></refSysInfo><spatRepInfo><VectSpatRep><geometObjs Name="subway_stations"><geoObjTyp><GeoObjTypCd value="004" Sync="TRUE"></GeoObjTypCd></geoObjTyp><geoObjCnt Sync="TRUE">0</geoObjCnt></geometObjs><topLvl><TopoLevCd value="001" Sync="TRUE"></TopoLevCd></topLvl></VectSpatRep></spatRepInfo><spdoinfo><ptvctinf><esriterm Name="subway_stations"><efeatyp Sync="TRUE">Simple</efeatyp><efeageom code="1" Sync="TRUE"></efeageom><esritopo Sync="TRUE">FALSE</esritopo><efeacnt Sync="TRUE">0</efeacnt><spindex Sync="TRUE">FALSE</spindex><linrefer Sync="TRUE">FALSE</linrefer></esriterm></ptvctinf></spdoinfo><eainfo><detailed Name="subway_stations"><enttyp><enttypl Sync="TRUE">subway_stations</enttypl><enttypt Sync="TRUE">Feature Class</enttypt><enttypc Sync="TRUE">0</enttypc></enttyp><attr><attrlabl Sync="TRUE">FID</attrlabl><attalias Sync="TRUE">FID</attalias><attrtype Sync="TRUE">OID</attrtype><attwidth Sync="TRUE">4</attwidth><atprecis Sync="TRUE">0</atprecis><attscale Sync="TRUE">0</attscale><attrdef Sync="TRUE">Internal feature number.</attrdef><attrdefs Sync="TRUE">Esri</attrdefs><attrdomv><udom Sync="TRUE">Sequential unique whole numbers that are automatically generated.</udom></attrdomv></attr><attr><attrlabl Sync="TRUE">Shape</attrlabl><attalias Sync="TRUE">Shape</attalias><attrtype Sync="TRUE">Geometry</attrtype><attwidth Sync="TRUE">0</attwidth><atprecis Sync="TRUE">0</atprecis><attscale Sync="TRUE">0</attscale><attrdef Sync="TRUE">Feature geometry.</attrdef><attrdefs Sync="TRUE">Esri</attrdefs><attrdomv><udom Sync="TRUE">Coordinates defining the features.</udom></attrdomv></attr><attr><attrlabl Sync="TRUE">ID</attrlabl><attalias Sync="TRUE">ID</attalias><attrtype Sync="TRUE">String</attrtype><attwidth Sync="TRUE">254</attwidth><atprecis Sync="TRUE">0</atprecis><attscale Sync="TRUE">0</attscale></attr><attr><attrlabl Sync="TRUE">stop_code</attrlabl><attalias Sync="TRUE">stop_code</attalias><attrtype Sync="TRUE">String</attrtype><attwidth Sync="TRUE">254</attwidth><atprecis Sync="TRUE">0</atprecis><attscale Sync="TRUE">0</attscale></attr><attr><attrlabl Sync="TRUE">stop_name</attrlabl><attalias Sync="TRUE">stop_name</attalias><attrtype Sync="TRUE">String</attrtype><attwidth Sync="TRUE">254</attwidth><atprecis Sync="TRUE">0</atprecis><attscale Sync="TRUE">0</attscale></attr><attr><attrlabl Sync="TRUE">stop_desc</attrlabl><attalias Sync="TRUE">stop_desc</attalias><attrtype Sync="TRUE">String</attrtype><attwidth Sync="TRUE">254</attwidth><atprecis Sync="TRUE">0</atprecis><attscale Sync="TRUE">0</attscale></attr><attr><attrlabl Sync="TRUE">stop_lat</attrlabl><attalias Sync="TRUE">stop_lat</attalias><attrtype Sync="TRUE">Double</attrtype><attwidth Sync="TRUE">19</attwidth><atprecis Sync="TRUE">0</atprecis><attscale Sync="TRUE">0</attscale></attr><attr><attrlabl Sync="TRUE">stop_lon</attrlabl><attalias Sync="TRUE">stop_lon</attalias><attrtype Sync="TRUE">Double</attrtype><attwidth Sync="TRUE">19</attwidth><atprecis Sync="TRUE">0</atprecis><attscale Sync="TRUE">0</attscale></attr><attr><attrlabl Sync="TRUE">zone_id</attrlabl><attalias Sync="TRUE">zone_id</attalias><attrtype Sync="TRUE">String</attrtype><attwidth Sync="TRUE">254</attwidth><atprecis Sync="TRUE">0</atprecis><attscale Sync="TRUE">0</attscale></attr><attr><attrlabl Sync="TRUE">stop_url</attrlabl><attalias Sync="TRUE">stop_url</attalias><attrtype Sync="TRUE">String</attrtype><attwidth Sync="TRUE">254</attwidth><atprecis Sync="TRUE">0</atprecis><attscale Sync="TRUE">0</attscale></attr><attr><attrlabl Sync="TRUE">location_t</attrlabl><attalias Sync="TRUE">location_t</attalias><attrtype Sync="TRUE">Integer</attrtype><attwidth Sync="TRUE">10</attwidth><atprecis Sync="TRUE">10</atprecis><attscale Sync="TRUE">0</attscale></attr><attr><attrlabl Sync="TRUE">parent_sta</attrlabl><attalias Sync="TRUE">parent_sta</attalias><attrtype Sync="TRUE">String</attrtype><attwidth Sync="TRUE">254</attwidth><atprecis Sync="TRUE">0</atprecis><attscale Sync="TRUE">0</attscale></attr></detailed></eainfo><mdDateSt Sync="TRUE">20220217</mdDateSt></metadata>
