<?xml version="1.0" encoding="UTF-8"?>
<metadata xml:lang="zh"><Esri><CreaDate>20220322</CreaDate><CreaTime>01344900</CreaTime><ArcGISFormat>1.0</ArcGISFormat><SyncOnce>TRUE</SyncOnce><DataProperties><lineage><Process ToolSource="c:\program files (x86)\arcgis\desktop10.8\ArcToolbox\Toolboxes\Conversion Tools.tbx\PolygonToRaster" Date="20220322" Time="013449">PolygonToRaster transit_fishnet1 Sum_Output_6.Sum_length D:\capstone\process\geodetector\nontransit CELL_CENTER NONE 190</Process></lineage></DataProperties></Esri></metadata>
