<PAMDataset>
  <Metadata>
    <MDI key="DataType">Generic</MDI>
  </Metadata>
  <PAMRasterBand band="1">
    <Histograms>
      <HistItem>
        <HistMin>0.1272811442613602</HistMin>
        <HistMax>58.78582763671875</HistMax>
        <BucketCount>256</BucketCount>
        <IncludeOutOfRange>1</IncludeOutOfRange>
        <Approximate>0</Approximate>
        <HistCounts>26|49|74|100|151|212|281|322|371|426|531|656|698|655|670|717|791|915|855|843|814|838|770|747|722|705|683|694|676|601|606|521|489|489|440|411|350|314|292|264|261|258|248|227|198|222|154|162|138|165|148|121|123|120|118|125|104|101|66|88|76|68|67|51|65|57|52|43|50|39|32|23|38|29|26|21|23|22|18|15|17|14|16|18|16|16|10|9|16|17|9|7|8|10|6|11|4|4|7|3|6|3|5|7|5|1|5|3|2|4|6|4|4|2|2|1|1|4|2|1|3|3|2|2|1|2|0|2|0|3|3|2|3|2|0|1|0|0|1|1|3|0|0|1|1|0|1|1|1|2|2|0|0|0|1|0|0|1|0|0|0|0|0|0|0|0|0|1|0|0|0|1|0|0|1|1|1|0|1|0|0|0|0|0|0|0|0|2|0|0|1|0|0|1|0|0|0|0|0|0|1|1|0|0|0|0|0|0|0|1|0|0|0|0|0|0|0|0|0|0|0|0|0|0|0|0|0|0|0|1|0|1|0|0|1|0|0|0|0|0|0|0|0|0|0|0|0|0|0|0|0|0|0|0|0|1</HistCounts>
      </HistItem>
    </Histograms>
    <Metadata>
      <MDI key="RepresentationType">ATHEMATIC</MDI>
      <MDI key="STATISTICS_COVARIANCES">15.50090339249973</MDI>
      <MDI key="STATISTICS_EXCLUDEDVALUES"></MDI>
      <MDI key="STATISTICS_MAXIMUM">58.785827636719</MDI>
      <MDI key="STATISTICS_MEAN">6.46793030139</MDI>
      <MDI key="STATISTICS_MINIMUM">0.12728114426136</MDI>
      <MDI key="STATISTICS_SKIPFACTORX">1</MDI>
      <MDI key="STATISTICS_SKIPFACTORY">1</MDI>
      <MDI key="STATISTICS_STDDEV">3.9371186662964</MDI>
    </Metadata>
  </PAMRasterBand>
</PAMDataset>
