<?xml version="1.0" encoding="UTF-8"?>
<metadata xml:lang="zh"><Esri><CreaDate>20220322</CreaDate><CreaTime>16342300</CreaTime><ArcGISFormat>1.0</ArcGISFormat><SyncOnce>FALSE</SyncOnce><DataProperties><lineage><Process ToolSource="c:\program files (x86)\arcgis\desktop10.8\ArcToolbox\Toolboxes\Data Management Tools.tbx\CalculateField" Date="20220322" Time="163423">CalculateField final_ZCTA1 hosp_den_1 "[Count_2] / [Shape_Area]" VB #</Process><Process ToolSource="c:\program files\arcgis\pro\Resources\ArcToolbox\toolboxes\Conversion Tools.tbx\FeatureClassToFeatureClass" Date="20220324" Time="001559">FeatureClassToFeatureClass final_ZCTA1 C:\Users\zheng\Desktop\Capstone\Anran-Zheng-AccessTestingSite\results\geodetector\final_NYC_ZCTA final_ZCTA.shp # "FID_1 "FID_1" true true false 9 Long 0 9,First,#,final_ZCTA1,final_ZCTA1.FID_1,-1,-1;FID_1_1 "FID_1_1" true true false 9 Long 0 9,First,#,final_ZCTA1,final_ZCTA1.FID_1_1,-1,-1;OBJECTID "OBJECTID" true true false 10 Long 0 10,First,#,final_ZCTA1,final_ZCTA1.OBJECTID,-1,-1;FID_1_1_1 "FID_1_1_1" true true false 10 Long 0 10,First,#,final_ZCTA1,final_ZCTA1.FID_1_1_1,-1,-1;MODZCTA "MODZCTA" true true false 80 Text 0 0,First,#,final_ZCTA1,final_ZCTA1.MODZCTA,0,80;label "label" true true false 80 Text 0 0,First,#,final_ZCTA1,final_ZCTA1.label,0,80;TotalPop "TotalPop" true true false 19 Double 0 0,First,#,final_ZCTA1,final_ZCTA1.TotalPop,-1,-1;White "White" true true false 19 Double 0 0,First,#,final_ZCTA1,final_ZCTA1.White,-1,-1;Bachelor "Bachelor" true true false 19 Double 0 0,First,#,final_ZCTA1,final_ZCTA1.Bachelor,-1,-1;Trans_Mode "Trans_Mode" true true false 19 Double 0 0,First,#,final_ZCTA1,final_ZCTA1.Trans_Mode,-1,-1;Pub_trans "Pub_trans" true true false 19 Double 0 0,First,#,final_ZCTA1,final_ZCTA1.Pub_trans,-1,-1;MedInc "MedInc" true true false 19 Double 0 0,First,#,final_ZCTA1,final_ZCTA1.MedInc,-1,-1;MedAge "MedAge" true true false 19 Double 0 0,First,#,final_ZCTA1,final_ZCTA1.MedAge,-1,-1;Per_White "Per_White" true true false 19 Double 0 0,First,#,final_ZCTA1,final_ZCTA1.Per_White,-1,-1;Per_Bach "Per_Bach" true true false 19 Double 0 0,First,#,final_ZCTA1,final_ZCTA1.Per_Bach,-1,-1;Per_Public "Per_Public" true true false 19 Double 0 0,First,#,final_ZCTA1,final_ZCTA1.Per_Public,-1,-1;Count_ "Count_" true true false 10 Long 0 10,First,#,final_ZCTA1,final_ZCTA1.Count_,-1,-1;Sum_OBJECT "Sum_OBJECT" true true false 10 Long 0 10,First,#,final_ZCTA1,final_ZCTA1.Sum_OBJECT,-1,-1;Sum_numveh "Sum_numveh" true true false 10 Long 0 10,First,#,final_ZCTA1,final_ZCTA1.Sum_numveh,-1,-1;Sum_testca "Sum_testca" true true false 10 Long 0 10,First,#,final_ZCTA1,final_ZCTA1.Sum_testca,-1,-1;Sum_Vetted "Sum_Vetted" true true false 10 Long 0 10,First,#,final_ZCTA1,final_ZCTA1.Sum_Vetted,-1,-1;Sum_Outsid "Sum_Outsid" true true false 10 Long 0 10,First,#,final_ZCTA1,final_ZCTA1.Sum_Outsid,-1,-1;Sum_minimu "Sum_minimu" true true false 10 Long 0 10,First,#,final_ZCTA1,final_ZCTA1.Sum_minimu,-1,-1;Sum_mini_1 "Sum_mini_1" true true false 10 Long 0 10,First,#,final_ZCTA1,final_ZCTA1.Sum_mini_1,-1,-1;Sum_num "Sum_num" true true false 10 Long 0 10,First,#,final_ZCTA1,final_ZCTA1.Sum_num,-1,-1;Shape_Leng "Shape_Leng" true true false 19 Double 0 0,First,#,final_ZCTA1,final_ZCTA1.Shape_Leng,-1,-1;Shape_Area "Shape_Area" true true false 19 Double 0 0,First,#,final_ZCTA1,final_ZCTA1.Shape_Area,-1,-1;pop_den "pop_den" true true false 10 Long 0 10,First,#,final_ZCTA1,final_ZCTA1.pop_den,-1,-1;hosp_den "hosp_den" true true false 10 Long 0 10,First,#,final_ZCTA1,final_ZCTA1.hosp_den,-1,-1;Count_1 "Count_1" true true false 10 Long 0 10,First,#,final_ZCTA1,final_ZCTA1.Count_1,-1,-1;Sum_stop_l "Sum_stop_l" true true false 19 Double 8 18,First,#,final_ZCTA1,final_ZCTA1.Sum_stop_l,-1,-1;Sum_stop_1 "Sum_stop_1" true true false 19 Double 8 18,First,#,final_ZCTA1,final_ZCTA1.Sum_stop_1,-1,-1;Sum_locati "Sum_locati" true true false 9 Long 0 9,First,#,final_ZCTA1,final_ZCTA1.Sum_locati,-1,-1;Sum_OBJE_1 "Sum_OBJE_1" true true false 9 Long 0 9,First,#,final_ZCTA1,final_ZCTA1.Sum_OBJE_1,-1,-1;Sum_OBJE_2 "Sum_OBJE_2" true true false 9 Long 0 9,First,#,final_ZCTA1,final_ZCTA1.Sum_OBJE_2,-1,-1;Sum_Origin "Sum_Origin" true true false 9 Long 0 9,First,#,final_ZCTA1,final_ZCTA1.Sum_Origin,-1,-1;Sum_time_d "Sum_time_d" true true false 19 Double 8 18,First,#,final_ZCTA1,final_ZCTA1.Sum_time_d,-1,-1;OID_ "OID_" true true false 9 Long 0 9,First,#,final_ZCTA1,final_ZCTA1.OID_,-1,-1;OBJECTID_1 "OBJECTID_1" true true false 10 Long 0 10,First,#,final_ZCTA1,final_ZCTA1.OBJECTID_1,-1,-1;COUNT "COUNT" true true false 10 Long 0 10,First,#,final_ZCTA1,final_ZCTA1.COUNT,-1,-1;AREA "AREA" true true false 19 Double 0 0,First,#,final_ZCTA1,final_ZCTA1.AREA,-1,-1;MEAN "transit_den" true true false 19 Double 0 0,First,#,final_ZCTA1,final_ZCTA1.MEAN,-1,-1;OID_1 "OID_1" true true false 9 Long 0 9,First,#,final_ZCTA1,final_ZCTA1.OID_1,-1,-1;OBJECTID_2 "OBJECTID_2" true true false 10 Long 0 10,First,#,final_ZCTA1,final_ZCTA1.OBJECTID_2,-1,-1;COUNT_12 "COUNT_12" true true false 10 Long 0 10,First,#,final_ZCTA1,final_ZCTA1.COUNT_12,-1,-1;AREA_1 "AREA_1" true true false 19 Double 0 0,First,#,final_ZCTA1,final_ZCTA1.AREA_1,-1,-1;MEAN_1 "non_transit" true true false 19 Double 0 0,First,#,final_ZCTA1,final_ZCTA1.MEAN_1,-1,-1;stop_den "stop_den" true true false 19 Double 0 0,First,#,final_ZCTA1,final_ZCTA1.stop_den,-1,-1;Count_2 "Count_2" true true false 10 Long 0 10,First,#,final_ZCTA1,final_ZCTA1.Count_2,-1,-1;Sum_OBJE_3 "Sum_OBJE_3" true true false 9 Long 0 9,First,#,final_ZCTA1,final_ZCTA1.Sum_OBJE_3,-1,-1;Sum_numv_1 "Sum_numv_1" true true false 9 Long 0 9,First,#,final_ZCTA1,final_ZCTA1.Sum_numv_1,-1,-1;Sum_test_1 "Sum_test_1" true true false 9 Long 0 9,First,#,final_ZCTA1,final_ZCTA1.Sum_test_1,-1,-1;Sum_Vett_1 "Sum_Vett_1" true true false 9 Long 0 9,First,#,final_ZCTA1,final_ZCTA1.Sum_Vett_1,-1,-1;Sum_Outs_1 "Sum_Outs_1" true true false 9 Long 0 9,First,#,final_ZCTA1,final_ZCTA1.Sum_Outs_1,-1,-1;Sum_mini_2 "Sum_mini_2" true true false 9 Long 0 9,First,#,final_ZCTA1,final_ZCTA1.Sum_mini_2,-1,-1;Sum_mini_3 "Sum_mini_3" true true false 9 Long 0 9,First,#,final_ZCTA1,final_ZCTA1.Sum_mini_3,-1,-1;Sum_num_1 "Sum_num_1" true true false 9 Long 0 9,First,#,final_ZCTA1,final_ZCTA1.Sum_num_1,-1,-1;hosp_den_1 "hosp_den_1" true true false 19 Double 0 0,First,#,final_ZCTA1,final_ZCTA1.hosp_den_1,-1,-1;OID "OID" false true false 4 Long 0 9,First,#,final_ZCTA1,covid_zcta.OID,-1,-1;MODIFIED_Z "MODIFIED_Z" true true false 10 Long 0 10,First,#,final_ZCTA1,covid_zcta.MODIFIED_Z,-1,-1;NEIGHBORHO "NEIGHBORHO" true true false 254 Text 0 0,First,#,final_ZCTA1,covid_zcta.NEIGHBORHO,0,254;BOROUGH_GR "BOROUGH_GR" true true false 254 Text 0 0,First,#,final_ZCTA1,covid_zcta.BOROUGH_GR,0,254;PERCENT_PO "PERCENT_PO" true true false 19 Double 0 0,First,#,final_ZCTA1,covid_zcta.PERCENT_PO,-1,-1" #</Process></lineage><itemProps><itemName Sync="TRUE">final_ZCTA</itemName><imsContentType Sync="TRUE">002</imsContentType><itemSize Sync="TRUE">0.000</itemSize><itemLocation><linkage Sync="TRUE">file://\\DESKTOP-56GK6RD\C$\Users\zheng\Desktop\Capstone\Anran-Zheng-AccessTestingSite\results\geodetector\final_NYC_ZCTA\final_ZCTA.shp</linkage><protocol Sync="TRUE">Local Area Network</protocol></itemLocation></itemProps><coordRef><type Sync="TRUE">Projected</type><geogcsn Sync="TRUE">GCS_WGS_1984</geogcsn><csUnits Sync="TRUE">Linear Unit: Meter (1.000000)</csUnits><projcsn Sync="TRUE">WGS_1984_UTM_Zone_18N</projcsn><peXml Sync="TRUE">&lt;ProjectedCoordinateSystem xsi:type='typens:ProjectedCoordinateSystem' xmlns:xsi='http://www.w3.org/2001/XMLSchema-instance' xmlns:xs='http://www.w3.org/2001/XMLSchema' xmlns:typens='http://www.esri.com/schemas/ArcGIS/2.9.0'&gt;&lt;WKT&gt;PROJCS[&amp;quot;WGS_1984_UTM_Zone_18N&amp;quot;,GEOGCS[&amp;quot;GCS_WGS_1984&amp;quot;,DATUM[&amp;quot;D_WGS_1984&amp;quot;,SPHEROID[&amp;quot;WGS_1984&amp;quot;,6378137.0,298.257223563]],PRIMEM[&amp;quot;Greenwich&amp;quot;,0.0],UNIT[&amp;quot;Degree&amp;quot;,0.0174532925199433]],PROJECTION[&amp;quot;Transverse_Mercator&amp;quot;],PARAMETER[&amp;quot;False_Easting&amp;quot;,500000.0],PARAMETER[&amp;quot;False_Northing&amp;quot;,0.0],PARAMETER[&amp;quot;Central_Meridian&amp;quot;,-75.0],PARAMETER[&amp;quot;Scale_Factor&amp;quot;,0.9996],PARAMETER[&amp;quot;Latitude_Of_Origin&amp;quot;,0.0],UNIT[&amp;quot;Meter&amp;quot;,1.0],AUTHORITY[&amp;quot;EPSG&amp;quot;,32618]]&lt;/WKT&gt;&lt;XOrigin&gt;-5120900&lt;/XOrigin&gt;&lt;YOrigin&gt;-9998100&lt;/YOrigin&gt;&lt;XYScale&gt;450445547.3910538&lt;/XYScale&gt;&lt;ZOrigin&gt;-100000&lt;/ZOrigin&gt;&lt;ZScale&gt;10000&lt;/ZScale&gt;&lt;MOrigin&gt;-100000&lt;/MOrigin&gt;&lt;MScale&gt;10000&lt;/MScale&gt;&lt;XYTolerance&gt;0.001&lt;/XYTolerance&gt;&lt;ZTolerance&gt;0.001&lt;/ZTolerance&gt;&lt;MTolerance&gt;0.001&lt;/MTolerance&gt;&lt;HighPrecision&gt;true&lt;/HighPrecision&gt;&lt;WKID&gt;32618&lt;/WKID&gt;&lt;LatestWKID&gt;32618&lt;/LatestWKID&gt;&lt;/ProjectedCoordinateSystem&gt;</peXml></coordRef></DataProperties><SyncDate>20220324</SyncDate><SyncTime>00155800</SyncTime><ModDate>20220324</ModDate><ModTime>00155800</ModTime></Esri><dataIdInfo><envirDesc Sync="TRUE">Microsoft Windows 10 Version 10.0 (Build 22000) ; Esri ArcGIS 12.9.0.32739</envirDesc><dataLang><languageCode value="zho" Sync="TRUE"></languageCode><countryCode value="CHN" Sync="TRUE"></countryCode></dataLang><idCitation><resTitle Sync="TRUE">final_ZCTA</resTitle><presForm><PresFormCd value="005" Sync="TRUE"></PresFormCd></presForm></idCitation><spatRpType><SpatRepTypCd value="001" Sync="TRUE"></SpatRepTypCd></spatRpType></dataIdInfo><mdLang><languageCode value="zho" Sync="TRUE"></languageCode><countryCode value="CHN" Sync="TRUE"></countryCode></mdLang><mdChar><CharSetCd value="004" Sync="TRUE"></CharSetCd></mdChar><distInfo><distFormat><formatName Sync="TRUE">Shapefile</formatName></distFormat><distTranOps><transSize Sync="TRUE">0.000</transSize></distTranOps></distInfo><mdHrLv><ScopeCd value="005" Sync="TRUE"></ScopeCd></mdHrLv><mdHrLvName Sync="TRUE">dataset</mdHrLvName><refSysInfo><RefSystem><refSysID><identCode code="32618" Sync="TRUE"></identCode><idCodeSpace Sync="TRUE">EPSG</idCodeSpace><idVersion Sync="TRUE">9.8.8(3.0.1)</idVersion></refSysID></RefSystem></refSysInfo><spatRepInfo><VectSpatRep><geometObjs Name="final_ZCTA"><geoObjTyp><GeoObjTypCd value="002" Sync="TRUE"></GeoObjTypCd></geoObjTyp><geoObjCnt Sync="TRUE">0</geoObjCnt></geometObjs><topLvl><TopoLevCd value="001" Sync="TRUE"></TopoLevCd></topLvl></VectSpatRep></spatRepInfo><spdoinfo><ptvctinf><esriterm Name="final_ZCTA"><efeatyp Sync="TRUE">Simple</efeatyp><efeageom code="4" Sync="TRUE"></efeageom><esritopo Sync="TRUE">FALSE</esritopo><efeacnt Sync="TRUE">0</efeacnt><spindex Sync="TRUE">FALSE</spindex><linrefer Sync="TRUE">FALSE</linrefer></esriterm></ptvctinf></spdoinfo><eainfo><detailed Name="final_ZCTA"><enttyp><enttypl Sync="TRUE">final_ZCTA</enttypl><enttypt Sync="TRUE">Feature Class</enttypt><enttypc Sync="TRUE">0</enttypc></enttyp><attr><attrlabl Sync="TRUE">FID</attrlabl><attalias Sync="TRUE">FID</attalias><attrtype Sync="TRUE">OID</attrtype><attwidth Sync="TRUE">4</attwidth><atprecis Sync="TRUE">0</atprecis><attscale Sync="TRUE">0</attscale><attrdef Sync="TRUE">Internal feature number.</attrdef><attrdefs Sync="TRUE">Esri</attrdefs><attrdomv><udom Sync="TRUE">Sequential unique whole numbers that are automatically generated.</udom></attrdomv></attr><attr><attrlabl Sync="TRUE">Shape</attrlabl><attalias Sync="TRUE">Shape</attalias><attrtype Sync="TRUE">Geometry</attrtype><attwidth Sync="TRUE">0</attwidth><atprecis Sync="TRUE">0</atprecis><attscale Sync="TRUE">0</attscale><attrdef Sync="TRUE">Feature geometry.</attrdef><attrdefs Sync="TRUE">Esri</attrdefs><attrdomv><udom Sync="TRUE">Coordinates defining the features.</udom></attrdomv></attr><attr><attrlabl Sync="TRUE">FID_1</attrlabl><attalias Sync="TRUE">FID_1</attalias><attrtype Sync="TRUE">Integer</attrtype><attwidth Sync="TRUE">9</attwidth><atprecis Sync="TRUE">9</atprecis><attscale Sync="TRUE">0</attscale></attr><attr><attrlabl Sync="TRUE">FID_1_1</attrlabl><attalias Sync="TRUE">FID_1_1</attalias><attrtype Sync="TRUE">Integer</attrtype><attwidth Sync="TRUE">9</attwidth><atprecis Sync="TRUE">9</atprecis><attscale Sync="TRUE">0</attscale></attr><attr><attrlabl Sync="TRUE">OBJECTID</attrlabl><attalias Sync="TRUE">OBJECTID</attalias><attrtype Sync="TRUE">Integer</attrtype><attwidth Sync="TRUE">10</attwidth><atprecis Sync="TRUE">10</atprecis><attscale Sync="TRUE">0</attscale></attr><attr><attrlabl Sync="TRUE">FID_1_1_1</attrlabl><attalias Sync="TRUE">FID_1_1_1</attalias><attrtype Sync="TRUE">Integer</attrtype><attwidth Sync="TRUE">10</attwidth><atprecis Sync="TRUE">10</atprecis><attscale Sync="TRUE">0</attscale></attr><attr><attrlabl Sync="TRUE">MODZCTA</attrlabl><attalias Sync="TRUE">MODZCTA</attalias><attrtype Sync="TRUE">String</attrtype><attwidth Sync="TRUE">80</attwidth><atprecis Sync="TRUE">0</atprecis><attscale Sync="TRUE">0</attscale></attr><attr><attrlabl Sync="TRUE">label</attrlabl><attalias Sync="TRUE">label</attalias><attrtype Sync="TRUE">String</attrtype><attwidth Sync="TRUE">80</attwidth><atprecis Sync="TRUE">0</atprecis><attscale Sync="TRUE">0</attscale></attr><attr><attrlabl Sync="TRUE">TotalPop</attrlabl><attalias Sync="TRUE">TotalPop</attalias><attrtype Sync="TRUE">Double</attrtype><attwidth Sync="TRUE">19</attwidth><atprecis Sync="TRUE">0</atprecis><attscale Sync="TRUE">0</attscale></attr><attr><attrlabl Sync="TRUE">White</attrlabl><attalias Sync="TRUE">White</attalias><attrtype Sync="TRUE">Double</attrtype><attwidth Sync="TRUE">19</attwidth><atprecis Sync="TRUE">0</atprecis><attscale Sync="TRUE">0</attscale></attr><attr><attrlabl Sync="TRUE">Bachelor</attrlabl><attalias Sync="TRUE">Bachelor</attalias><attrtype Sync="TRUE">Double</attrtype><attwidth Sync="TRUE">19</attwidth><atprecis Sync="TRUE">0</atprecis><attscale Sync="TRUE">0</attscale></attr><attr><attrlabl Sync="TRUE">Trans_Mode</attrlabl><attalias Sync="TRUE">Trans_Mode</attalias><attrtype Sync="TRUE">Double</attrtype><attwidth Sync="TRUE">19</attwidth><atprecis Sync="TRUE">0</atprecis><attscale Sync="TRUE">0</attscale></attr><attr><attrlabl Sync="TRUE">Pub_trans</attrlabl><attalias Sync="TRUE">Pub_trans</attalias><attrtype Sync="TRUE">Double</attrtype><attwidth Sync="TRUE">19</attwidth><atprecis Sync="TRUE">0</atprecis><attscale Sync="TRUE">0</attscale></attr><attr><attrlabl Sync="TRUE">MedInc</attrlabl><attalias Sync="TRUE">MedInc</attalias><attrtype Sync="TRUE">Double</attrtype><attwidth Sync="TRUE">19</attwidth><atprecis Sync="TRUE">0</atprecis><attscale Sync="TRUE">0</attscale></attr><attr><attrlabl Sync="TRUE">MedAge</attrlabl><attalias Sync="TRUE">MedAge</attalias><attrtype Sync="TRUE">Double</attrtype><attwidth Sync="TRUE">19</attwidth><atprecis Sync="TRUE">0</atprecis><attscale Sync="TRUE">0</attscale></attr><attr><attrlabl Sync="TRUE">Per_White</attrlabl><attalias Sync="TRUE">Per_White</attalias><attrtype Sync="TRUE">Double</attrtype><attwidth Sync="TRUE">19</attwidth><atprecis Sync="TRUE">0</atprecis><attscale Sync="TRUE">0</attscale></attr><attr><attrlabl Sync="TRUE">Per_Bach</attrlabl><attalias Sync="TRUE">Per_Bach</attalias><attrtype Sync="TRUE">Double</attrtype><attwidth Sync="TRUE">19</attwidth><atprecis Sync="TRUE">0</atprecis><attscale Sync="TRUE">0</attscale></attr><attr><attrlabl Sync="TRUE">Per_Public</attrlabl><attalias Sync="TRUE">Per_Public</attalias><attrtype Sync="TRUE">Double</attrtype><attwidth Sync="TRUE">19</attwidth><atprecis Sync="TRUE">0</atprecis><attscale Sync="TRUE">0</attscale></attr><attr><attrlabl Sync="TRUE">Count_</attrlabl><attalias Sync="TRUE">Count_</attalias><attrtype Sync="TRUE">Integer</attrtype><attwidth Sync="TRUE">10</attwidth><atprecis Sync="TRUE">10</atprecis><attscale Sync="TRUE">0</attscale></attr><attr><attrlabl Sync="TRUE">Sum_OBJECT</attrlabl><attalias Sync="TRUE">Sum_OBJECT</attalias><attrtype Sync="TRUE">Integer</attrtype><attwidth Sync="TRUE">10</attwidth><atprecis Sync="TRUE">10</atprecis><attscale Sync="TRUE">0</attscale></attr><attr><attrlabl Sync="TRUE">Sum_numveh</attrlabl><attalias Sync="TRUE">Sum_numveh</attalias><attrtype Sync="TRUE">Integer</attrtype><attwidth Sync="TRUE">10</attwidth><atprecis Sync="TRUE">10</atprecis><attscale Sync="TRUE">0</attscale></attr><attr><attrlabl Sync="TRUE">Sum_testca</attrlabl><attalias Sync="TRUE">Sum_testca</attalias><attrtype Sync="TRUE">Integer</attrtype><attwidth Sync="TRUE">10</attwidth><atprecis Sync="TRUE">10</atprecis><attscale Sync="TRUE">0</attscale></attr><attr><attrlabl Sync="TRUE">Sum_Vetted</attrlabl><attalias Sync="TRUE">Sum_Vetted</attalias><attrtype Sync="TRUE">Integer</attrtype><attwidth Sync="TRUE">10</attwidth><atprecis Sync="TRUE">10</atprecis><attscale Sync="TRUE">0</attscale></attr><attr><attrlabl Sync="TRUE">Sum_Outsid</attrlabl><attalias Sync="TRUE">Sum_Outsid</attalias><attrtype Sync="TRUE">Integer</attrtype><attwidth Sync="TRUE">10</attwidth><atprecis Sync="TRUE">10</atprecis><attscale Sync="TRUE">0</attscale></attr><attr><attrlabl Sync="TRUE">Sum_minimu</attrlabl><attalias Sync="TRUE">Sum_minimu</attalias><attrtype Sync="TRUE">Integer</attrtype><attwidth Sync="TRUE">10</attwidth><atprecis Sync="TRUE">10</atprecis><attscale Sync="TRUE">0</attscale></attr><attr><attrlabl Sync="TRUE">Sum_mini_1</attrlabl><attalias Sync="TRUE">Sum_mini_1</attalias><attrtype Sync="TRUE">Integer</attrtype><attwidth Sync="TRUE">10</attwidth><atprecis Sync="TRUE">10</atprecis><attscale Sync="TRUE">0</attscale></attr><attr><attrlabl Sync="TRUE">Sum_num</attrlabl><attalias Sync="TRUE">Sum_num</attalias><attrtype Sync="TRUE">Integer</attrtype><attwidth Sync="TRUE">10</attwidth><atprecis Sync="TRUE">10</atprecis><attscale Sync="TRUE">0</attscale></attr><attr><attrlabl Sync="TRUE">Shape_Leng</attrlabl><attalias Sync="TRUE">Shape_Leng</attalias><attrtype Sync="TRUE">Double</attrtype><attwidth Sync="TRUE">19</attwidth><atprecis Sync="TRUE">0</atprecis><attscale Sync="TRUE">0</attscale></attr><attr><attrlabl Sync="TRUE">Shape_Area</attrlabl><attalias Sync="TRUE">Shape_Area</attalias><attrtype Sync="TRUE">Double</attrtype><attwidth Sync="TRUE">19</attwidth><atprecis Sync="TRUE">0</atprecis><attscale Sync="TRUE">0</attscale><attrdef Sync="TRUE">Area of feature in internal units squared.</attrdef><attrdefs Sync="TRUE">Esri</attrdefs><attrdomv><udom Sync="TRUE">Positive real numbers that are automatically generated.</udom></attrdomv></attr><attr><attrlabl Sync="TRUE">pop_den</attrlabl><attalias Sync="TRUE">pop_den</attalias><attrtype Sync="TRUE">Integer</attrtype><attwidth Sync="TRUE">10</attwidth><atprecis Sync="TRUE">10</atprecis><attscale Sync="TRUE">0</attscale></attr><attr><attrlabl Sync="TRUE">hosp_den</attrlabl><attalias Sync="TRUE">hosp_den</attalias><attrtype Sync="TRUE">Integer</attrtype><attwidth Sync="TRUE">10</attwidth><atprecis Sync="TRUE">10</atprecis><attscale Sync="TRUE">0</attscale></attr><attr><attrlabl Sync="TRUE">Count_1</attrlabl><attalias Sync="TRUE">Count_1</attalias><attrtype Sync="TRUE">Integer</attrtype><attwidth Sync="TRUE">10</attwidth><atprecis Sync="TRUE">10</atprecis><attscale Sync="TRUE">0</attscale></attr><attr><attrlabl Sync="TRUE">Sum_stop_l</attrlabl><attalias Sync="TRUE">Sum_stop_l</attalias><attrtype Sync="TRUE">Double</attrtype><attwidth Sync="TRUE">19</attwidth><atprecis Sync="TRUE">18</atprecis><attscale Sync="TRUE">8</attscale></attr><attr><attrlabl Sync="TRUE">Sum_stop_1</attrlabl><attalias Sync="TRUE">Sum_stop_1</attalias><attrtype Sync="TRUE">Double</attrtype><attwidth Sync="TRUE">19</attwidth><atprecis Sync="TRUE">18</atprecis><attscale Sync="TRUE">8</attscale></attr><attr><attrlabl Sync="TRUE">Sum_locati</attrlabl><attalias Sync="TRUE">Sum_locati</attalias><attrtype Sync="TRUE">Integer</attrtype><attwidth Sync="TRUE">9</attwidth><atprecis Sync="TRUE">9</atprecis><attscale Sync="TRUE">0</attscale></attr><attr><attrlabl Sync="TRUE">Sum_OBJE_1</attrlabl><attalias Sync="TRUE">Sum_OBJE_1</attalias><attrtype Sync="TRUE">Integer</attrtype><attwidth Sync="TRUE">9</attwidth><atprecis Sync="TRUE">9</atprecis><attscale Sync="TRUE">0</attscale></attr><attr><attrlabl Sync="TRUE">Sum_OBJE_2</attrlabl><attalias Sync="TRUE">Sum_OBJE_2</attalias><attrtype Sync="TRUE">Integer</attrtype><attwidth Sync="TRUE">9</attwidth><atprecis Sync="TRUE">9</atprecis><attscale Sync="TRUE">0</attscale></attr><attr><attrlabl Sync="TRUE">Sum_Origin</attrlabl><attalias Sync="TRUE">Sum_Origin</attalias><attrtype Sync="TRUE">Integer</attrtype><attwidth Sync="TRUE">9</attwidth><atprecis Sync="TRUE">9</atprecis><attscale Sync="TRUE">0</attscale></attr><attr><attrlabl Sync="TRUE">Sum_time_d</attrlabl><attalias Sync="TRUE">Sum_time_d</attalias><attrtype Sync="TRUE">Double</attrtype><attwidth Sync="TRUE">19</attwidth><atprecis Sync="TRUE">18</atprecis><attscale Sync="TRUE">8</attscale></attr><attr><attrlabl Sync="TRUE">OID_</attrlabl><attalias Sync="TRUE">OID_</attalias><attrtype Sync="TRUE">Integer</attrtype><attwidth Sync="TRUE">9</attwidth><atprecis Sync="TRUE">9</atprecis><attscale Sync="TRUE">0</attscale></attr><attr><attrlabl Sync="TRUE">OBJECTID_1</attrlabl><attalias Sync="TRUE">OBJECTID_1</attalias><attrtype Sync="TRUE">Integer</attrtype><attwidth Sync="TRUE">10</attwidth><atprecis Sync="TRUE">10</atprecis><attscale Sync="TRUE">0</attscale></attr><attr><attrlabl Sync="TRUE">COUNT</attrlabl><attalias Sync="TRUE">COUNT</attalias><attrtype Sync="TRUE">Integer</attrtype><attwidth Sync="TRUE">10</attwidth><atprecis Sync="TRUE">10</atprecis><attscale Sync="TRUE">0</attscale></attr><attr><attrlabl Sync="TRUE">AREA</attrlabl><attalias Sync="TRUE">AREA</attalias><attrtype Sync="TRUE">Double</attrtype><attwidth Sync="TRUE">19</attwidth><atprecis Sync="TRUE">0</atprecis><attscale Sync="TRUE">0</attscale></attr><attr><attrlabl Sync="TRUE">MEAN</attrlabl><attalias Sync="TRUE">MEAN</attalias><attrtype Sync="TRUE">Double</attrtype><attwidth Sync="TRUE">19</attwidth><atprecis Sync="TRUE">0</atprecis><attscale Sync="TRUE">0</attscale></attr><attr><attrlabl Sync="TRUE">OID_1</attrlabl><attalias Sync="TRUE">OID_1</attalias><attrtype Sync="TRUE">Integer</attrtype><attwidth Sync="TRUE">9</attwidth><atprecis Sync="TRUE">9</atprecis><attscale Sync="TRUE">0</attscale></attr><attr><attrlabl Sync="TRUE">OBJECTID_2</attrlabl><attalias Sync="TRUE">OBJECTID_2</attalias><attrtype Sync="TRUE">Integer</attrtype><attwidth Sync="TRUE">10</attwidth><atprecis Sync="TRUE">10</atprecis><attscale Sync="TRUE">0</attscale></attr><attr><attrlabl Sync="TRUE">COUNT_12</attrlabl><attalias Sync="TRUE">COUNT_12</attalias><attrtype Sync="TRUE">Integer</attrtype><attwidth Sync="TRUE">10</attwidth><atprecis Sync="TRUE">10</atprecis><attscale Sync="TRUE">0</attscale></attr><attr><attrlabl Sync="TRUE">AREA_1</attrlabl><attalias Sync="TRUE">AREA_1</attalias><attrtype Sync="TRUE">Double</attrtype><attwidth Sync="TRUE">19</attwidth><atprecis Sync="TRUE">0</atprecis><attscale Sync="TRUE">0</attscale></attr><attr><attrlabl Sync="TRUE">MEAN_1</attrlabl><attalias Sync="TRUE">MEAN_1</attalias><attrtype Sync="TRUE">Double</attrtype><attwidth Sync="TRUE">19</attwidth><atprecis Sync="TRUE">0</atprecis><attscale Sync="TRUE">0</attscale></attr><attr><attrlabl Sync="TRUE">stop_den</attrlabl><attalias Sync="TRUE">stop_den</attalias><attrtype Sync="TRUE">Double</attrtype><attwidth Sync="TRUE">19</attwidth><atprecis Sync="TRUE">0</atprecis><attscale Sync="TRUE">0</attscale></attr><attr><attrlabl Sync="TRUE">Count_2</attrlabl><attalias Sync="TRUE">Count_2</attalias><attrtype Sync="TRUE">Integer</attrtype><attwidth Sync="TRUE">10</attwidth><atprecis Sync="TRUE">10</atprecis><attscale Sync="TRUE">0</attscale></attr><attr><attrlabl Sync="TRUE">Sum_OBJE_3</attrlabl><attalias Sync="TRUE">Sum_OBJE_3</attalias><attrtype Sync="TRUE">Integer</attrtype><attwidth Sync="TRUE">9</attwidth><atprecis Sync="TRUE">9</atprecis><attscale Sync="TRUE">0</attscale></attr><attr><attrlabl Sync="TRUE">Sum_numv_1</attrlabl><attalias Sync="TRUE">Sum_numv_1</attalias><attrtype Sync="TRUE">Integer</attrtype><attwidth Sync="TRUE">9</attwidth><atprecis Sync="TRUE">9</atprecis><attscale Sync="TRUE">0</attscale></attr><attr><attrlabl Sync="TRUE">Sum_test_1</attrlabl><attalias Sync="TRUE">Sum_test_1</attalias><attrtype Sync="TRUE">Integer</attrtype><attwidth Sync="TRUE">9</attwidth><atprecis Sync="TRUE">9</atprecis><attscale Sync="TRUE">0</attscale></attr><attr><attrlabl Sync="TRUE">Sum_Vett_1</attrlabl><attalias Sync="TRUE">Sum_Vett_1</attalias><attrtype Sync="TRUE">Integer</attrtype><attwidth Sync="TRUE">9</attwidth><atprecis Sync="TRUE">9</atprecis><attscale Sync="TRUE">0</attscale></attr><attr><attrlabl Sync="TRUE">Sum_Outs_1</attrlabl><attalias Sync="TRUE">Sum_Outs_1</attalias><attrtype Sync="TRUE">Integer</attrtype><attwidth Sync="TRUE">9</attwidth><atprecis Sync="TRUE">9</atprecis><attscale Sync="TRUE">0</attscale></attr><attr><attrlabl Sync="TRUE">Sum_mini_2</attrlabl><attalias Sync="TRUE">Sum_mini_2</attalias><attrtype Sync="TRUE">Integer</attrtype><attwidth Sync="TRUE">9</attwidth><atprecis Sync="TRUE">9</atprecis><attscale Sync="TRUE">0</attscale></attr><attr><attrlabl Sync="TRUE">Sum_mini_3</attrlabl><attalias Sync="TRUE">Sum_mini_3</attalias><attrtype Sync="TRUE">Integer</attrtype><attwidth Sync="TRUE">9</attwidth><atprecis Sync="TRUE">9</atprecis><attscale Sync="TRUE">0</attscale></attr><attr><attrlabl Sync="TRUE">Sum_num_1</attrlabl><attalias Sync="TRUE">Sum_num_1</attalias><attrtype Sync="TRUE">Integer</attrtype><attwidth Sync="TRUE">9</attwidth><atprecis Sync="TRUE">9</atprecis><attscale Sync="TRUE">0</attscale></attr><attr><attrlabl Sync="TRUE">hosp_den_1</attrlabl><attalias Sync="TRUE">hosp_den_1</attalias><attrtype Sync="TRUE">Double</attrtype><attwidth Sync="TRUE">19</attwidth><atprecis Sync="TRUE">0</atprecis><attscale Sync="TRUE">0</attscale></attr><attr><attrlabl Sync="TRUE">OID_12</attrlabl><attalias Sync="TRUE">OID_12</attalias><attrtype Sync="TRUE">Integer</attrtype><attwidth Sync="TRUE">9</attwidth><atprecis Sync="TRUE">9</atprecis><attscale Sync="TRUE">0</attscale></attr><attr><attrlabl Sync="TRUE">MODIFIED_Z</attrlabl><attalias Sync="TRUE">MODIFIED_Z</attalias><attrtype Sync="TRUE">Integer</attrtype><attwidth Sync="TRUE">10</attwidth><atprecis Sync="TRUE">10</atprecis><attscale Sync="TRUE">0</attscale></attr><attr><attrlabl Sync="TRUE">NEIGHBORHO</attrlabl><attalias Sync="TRUE">NEIGHBORHO</attalias><attrtype Sync="TRUE">String</attrtype><attwidth Sync="TRUE">254</attwidth><atprecis Sync="TRUE">0</atprecis><attscale Sync="TRUE">0</attscale></attr><attr><attrlabl Sync="TRUE">BOROUGH_GR</attrlabl><attalias Sync="TRUE">BOROUGH_GR</attalias><attrtype Sync="TRUE">String</attrtype><attwidth Sync="TRUE">254</attwidth><atprecis Sync="TRUE">0</atprecis><attscale Sync="TRUE">0</attscale></attr><attr><attrlabl Sync="TRUE">PERCENT_PO</attrlabl><attalias Sync="TRUE">PERCENT_PO</attalias><attrtype Sync="TRUE">Double</attrtype><attwidth Sync="TRUE">19</attwidth><atprecis Sync="TRUE">0</atprecis><attscale Sync="TRUE">0</attscale></attr></detailed></eainfo><mdDateSt Sync="TRUE">20220324</mdDateSt></metadata>
