<?xml version="1.0" encoding="UTF-8"?>
<metadata xml:lang="zh"><Esri><CreaDate>20220322</CreaDate><CreaTime>02345800</CreaTime><ArcGISFormat>1.0</ArcGISFormat><SyncOnce>TRUE</SyncOnce><DataProperties><lineage><Process ToolSource="c:\program files (x86)\arcgis\desktop10.8\ArcToolbox\Toolboxes\Conversion Tools.tbx\FeatureToRaster" Date="20220322" Time="023458">FeatureToRaster fishnet1 Sum_Output.Sum_length "D:\capstone\process\geodetector\New Folder\tran" 188</Process></lineage></DataProperties></Esri></metadata>
