<?xml version="1.0" encoding="UTF-8"?>
<metadata xml:lang="zh"><Esri><CreaDate>20220323</CreaDate><CreaTime>02072500</CreaTime><ArcGISFormat>1.0</ArcGISFormat><SyncOnce>FALSE</SyncOnce><DataProperties><itemProps><itemName Sync="TRUE">Hotspot</itemName><imsContentType Sync="TRUE">002</imsContentType><itemSize Sync="TRUE">0.000</itemSize><itemLocation><linkage Sync="TRUE">file://\\DESKTOP-56GK6RD\D$\capstone\process\spatial dis\Hotspot.shp</linkage><protocol Sync="TRUE">Local Area Network</protocol></itemLocation></itemProps><coordRef><type Sync="TRUE">Geographic</type><geogcsn Sync="TRUE">GCS_North_American_1983</geogcsn><csUnits Sync="TRUE">Angular Unit: Degree (0.017453)</csUnits><peXml Sync="TRUE">&lt;GeographicCoordinateSystem xsi:type='typens:GeographicCoordinateSystem' xmlns:xsi='http://www.w3.org/2001/XMLSchema-instance' xmlns:xs='http://www.w3.org/2001/XMLSchema' xmlns:typens='http://www.esri.com/schemas/ArcGIS/10.7'&gt;&lt;WKT&gt;GEOGCS[&amp;quot;GCS_North_American_1983&amp;quot;,DATUM[&amp;quot;D_North_American_1983&amp;quot;,SPHEROID[&amp;quot;GRS_1980&amp;quot;,6378137.0,298.257222101]],PRIMEM[&amp;quot;Greenwich&amp;quot;,0.0],UNIT[&amp;quot;Degree&amp;quot;,0.0174532925199433],AUTHORITY[&amp;quot;EPSG&amp;quot;,4269]]&lt;/WKT&gt;&lt;XOrigin&gt;-400&lt;/XOrigin&gt;&lt;YOrigin&gt;-400&lt;/YOrigin&gt;&lt;XYScale&gt;11258999068426.238&lt;/XYScale&gt;&lt;ZOrigin&gt;-100000&lt;/ZOrigin&gt;&lt;ZScale&gt;10000&lt;/ZScale&gt;&lt;MOrigin&gt;-100000&lt;/MOrigin&gt;&lt;MScale&gt;10000&lt;/MScale&gt;&lt;XYTolerance&gt;8.9831528411952133e-09&lt;/XYTolerance&gt;&lt;ZTolerance&gt;0.001&lt;/ZTolerance&gt;&lt;MTolerance&gt;0.001&lt;/MTolerance&gt;&lt;HighPrecision&gt;true&lt;/HighPrecision&gt;&lt;LeftLongitude&gt;-180&lt;/LeftLongitude&gt;&lt;WKID&gt;4269&lt;/WKID&gt;&lt;LatestWKID&gt;4269&lt;/LatestWKID&gt;&lt;/GeographicCoordinateSystem&gt;</peXml></coordRef><lineage><Process ToolSource="c:\program files\arcgis\pro\Resources\ArcToolbox\toolboxes\Analysis Tools.tbx\SpatialJoin" Date="20220201" Time="173827">SpatialJoin NYCtracts health C:\Users\zheng\Desktop\Capstone\Zheng-Anran-AccessTestingSite\process\health_join1.shp "Join one to one" KEEP_ALL "TotalPop "TotalPop" true true false 24 Double 15 23,First,#,NYCtracts,TotalPop,-1,-1;White "White" true true false 24 Double 15 23,First,#,NYCtracts,White,-1,-1;Bachelor "Bachelor" true true false 24 Double 15 23,First,#,NYCtracts,Bachelor,-1,-1;Trans_Mode "Trans_Mode" true true false 24 Double 15 23,First,#,NYCtracts,Trans_Mode,-1,-1;Pub_trans "Pub_trans" true true false 24 Double 15 23,First,#,NYCtracts,Pub_trans,-1,-1;MedInc "MedInc" true true false 24 Double 15 23,First,#,NYCtracts,MedInc,-1,-1;MedAge "MedAge" true true false 24 Double 15 23,First,#,NYCtracts,MedAge,-1,-1;GEOID "GEOID" true true false 80 Text 0 0,First,#,NYCtracts,GEOID,0,80;Per_White "Per_White" true true false 24 Double 15 23,First,#,NYCtracts,Per_White,-1,-1;Per_Bach "Per_Bach" true true false 24 Double 15 23,First,#,NYCtracts,Per_Bach,-1,-1;Per_Public "Per_Public" true true false 24 Double 15 23,First,#,NYCtracts,Per_Public,-1,-1;OBJECTID "OBJECTID" true true false 5 Long 0 5,First,#,health,OBJECTID,-1,-1;facilityid "facilityid" true true false 50 Text 0 0,First,#,health,facilityid,0,50;name "name" true true false 254 Text 0 0,First,#,health,name,0,254;fulladdr "fulladdr" true true false 206 Text 0 0,First,#,health,fulladdr,0,206;municipali "municipali" true true false 49 Text 0 0,First,#,health,municipali,0,49;agency "agency" true true false 52 Text 0 0,First,#,health,agency,0,52;agencytype "agencytype" true true false 26 Text 0 0,First,#,health,agencytype,0,26;phone "phone" true true false 18 Text 0 0,First,#,health,phone,0,18;agencyurl "agencyurl" true true false 254 Text 0 0,First,#,health,agencyurl,0,254;operhours "operhours" true true false 162 Text 0 0,First,#,health,operhours,0,162;comments "comments" true true false 254 Text 0 0,First,#,health,comments,0,254;Instructio "Instructio" true true false 254 Text 0 0,First,#,health,Instructio,0,254;numvehicle "numvehicle" true true false 5 Long 0 5,First,#,health,numvehicle,-1,-1;testcapaci "testcapaci" true true false 5 Long 0 5,First,#,health,testcapaci,-1,-1;status "status" true true false 18 Text 0 0,First,#,health,status,0,18;CreationDa "CreationDa" true true false 8 Date 0 0,First,#,health,CreationDa,-1,-1;EditDate "EditDate" true true false 8 Date 0 0,First,#,health,EditDate,-1,-1;Vetted "Vetted" true true false 1 Short 0 1,First,#,health,Vetted,-1,-1;drive_thro "drive_thro" true true false 9 Text 0 0,First,#,health,drive_thro,0,9;appt_only "appt_only" true true false 9 Text 0 0,First,#,health,appt_only,0,9;referral_r "referral_r" true true false 9 Text 0 0,First,#,health,referral_r,0,9;services_o "services_o" true true false 21 Text 0 0,First,#,health,services_o,0,21;call_first "call_first" true true false 13 Text 0 0,First,#,health,call_first,0,13;virtual_sc "virtual_sc" true true false 10 Text 0 0,First,#,health,virtual_sc,0,10;health_dep "health_dep" true true false 254 Text 0 0,First,#,health,health_dep,0,254;State "State" true true false 2 Text 0 0,First,#,health,State,0,2;GlobalID "GlobalID" true true false 36 Text 0 0,First,#,health,GlobalID,0,36;data_sourc "data_sourc" true true false 254 Text 0 0,First,#,health,data_sourc,0,254;county "county" true true false 33 Text 0 0,First,#,health,county,0,33;red_flag "red_flag" true true false 3 Text 0 0,First,#,health,red_flag,0,3;vol_note "vol_note" true true false 254 Text 0 0,First,#,health,vol_note,0,254;public_for "public_for" true true false 3 Text 0 0,First,#,health,public_for,0,3;start_date "start_date" true true false 8 Date 0 0,First,#,health,start_date,-1,-1;end_date "end_date" true true false 8 Date 0 0,First,#,health,end_date,-1,-1;type_of_te "type_of_te" true true false 22 Text 0 0,First,#,health,type_of_te,0,22;test_proce "test_proce" true true false 13 Text 0 0,First,#,health,test_proce,0,13;fine_print "fine_print" true true false 3 Text 0 0,First,#,health,fine_print,0,3;vehicle_re "vehicle_re" true true false 3 Text 0 0,First,#,health,vehicle_re,0,3;facility_t "facility_t" true true false 24 Text 0 0,First,#,health,facility_t,0,24;Outside_FI "Outside_FI" true true false 5 Long 0 5,First,#,health,Outside_FI,-1,-1;filter "filter" true true false 39 Text 0 0,First,#,health,filter,0,39;minimum_ag "minimum_ag" true true false 2 Short 0 2,First,#,health,minimum_ag,-1,-1;Same_Day_R "Same_Day_R" true true false 3 Text 0 0,First,#,health,Same_Day_R,0,3;take_home_ "take_home_" true true false 3 Text 0 0,First,#,health,take_home_,0,3;Wheelchair "Wheelchair" true true false 9 Text 0 0,First,#,health,Wheelchair,0,9;Accessibil "Accessibil" true true false 7 Text 0 0,First,#,health,Accessibil,0,7;offers_vac "offers_vac" true true false 3 Text 0 0,First,#,health,offers_vac,0,3;vaccine_ur "vaccine_ur" true true false 254 Text 0 0,First,#,health,vaccine_ur,0,254;minimum__1 "minimum__1" true true false 2 Short 0 2,First,#,health,minimum__1,-1,-1;verified_d "verified_d" true true false 8 Date 0 0,First,#,health,verified_d,-1,-1;num "num" true true false 5 Long 0 5,First,#,health,num,-1,-1" Intersect # #</Process><Process ToolSource="c:\program files (x86)\arcgis\desktop10.8\ArcToolbox\Toolboxes\Spatial Statistics Tools.tbx\HotSpots" Date="20220301" Time="145419">HotSpots health_join1 Join_Count "D:\capstone\process\spatial dis\Hotspot.shp" FIXED_DISTANCE_BAND EUCLIDEAN_DISTANCE NONE # # # NO_FDR</Process></lineage></DataProperties><SyncDate>20220301</SyncDate><SyncTime>14541300</SyncTime><ModDate>20220301</ModDate><ModTime>14541300</ModTime></Esri><dataIdInfo><envirDesc Sync="TRUE"> Version 6.2 (Build 9200) ; Esri ArcGIS 10.8.0.12790</envirDesc><dataLang><languageCode value="zho" Sync="TRUE"></languageCode><countryCode value="CHN" Sync="TRUE"></countryCode></dataLang><idCitation><resTitle Sync="TRUE">Hotspot</resTitle><presForm><PresFormCd value="005" Sync="TRUE"></PresFormCd></presForm></idCitation><spatRpType><SpatRepTypCd value="001" Sync="TRUE"></SpatRepTypCd></spatRpType></dataIdInfo><mdLang><languageCode value="zho" Sync="TRUE"></languageCode><countryCode value="CHN" Sync="TRUE"></countryCode></mdLang><mdChar><CharSetCd value="004" Sync="TRUE"></CharSetCd></mdChar><distInfo><distFormat><formatName Sync="TRUE">Shapefile</formatName></distFormat><distTranOps><transSize Sync="TRUE">0.000</transSize></distTranOps></distInfo><mdHrLv><ScopeCd value="005" Sync="TRUE"></ScopeCd></mdHrLv><mdHrLvName Sync="TRUE">dataset</mdHrLvName><refSysInfo><RefSystem><refSysID><identCode code="4269" Sync="TRUE"></identCode><idCodeSpace Sync="TRUE">EPSG</idCodeSpace><idVersion Sync="TRUE">9.8(3.0.1)</idVersion></refSysID></RefSystem></refSysInfo><spatRepInfo><VectSpatRep><geometObjs Name="Hotspot"><geoObjTyp><GeoObjTypCd value="002" Sync="TRUE"></GeoObjTypCd></geoObjTyp><geoObjCnt Sync="TRUE">0</geoObjCnt></geometObjs><topLvl><TopoLevCd value="001" Sync="TRUE"></TopoLevCd></topLvl></VectSpatRep></spatRepInfo><spdoinfo><ptvctinf><esriterm Name="Hotspot"><efeatyp Sync="TRUE">Simple</efeatyp><efeageom code="4" Sync="TRUE"></efeageom><esritopo Sync="TRUE">FALSE</esritopo><efeacnt Sync="TRUE">0</efeacnt><spindex Sync="TRUE">FALSE</spindex><linrefer Sync="TRUE">FALSE</linrefer></esriterm></ptvctinf></spdoinfo><eainfo><detailed Name="Hotspot"><enttyp><enttypl Sync="TRUE">Hotspot</enttypl><enttypt Sync="TRUE">Feature Class</enttypt><enttypc Sync="TRUE">0</enttypc></enttyp><attr><attrlabl Sync="TRUE">FID</attrlabl><attalias Sync="TRUE">FID</attalias><attrtype Sync="TRUE">OID</attrtype><attwidth Sync="TRUE">4</attwidth><atprecis Sync="TRUE">0</atprecis><attscale Sync="TRUE">0</attscale><attrdef Sync="TRUE">Internal feature number.</attrdef><attrdefs Sync="TRUE">Esri</attrdefs><attrdomv><udom Sync="TRUE">Sequential unique whole numbers that are automatically generated.</udom></attrdomv></attr><attr><attrlabl Sync="TRUE">Shape</attrlabl><attalias Sync="TRUE">Shape</attalias><attrtype Sync="TRUE">Geometry</attrtype><attwidth Sync="TRUE">0</attwidth><atprecis Sync="TRUE">0</atprecis><attscale Sync="TRUE">0</attscale><attrdef Sync="TRUE">Feature geometry.</attrdef><attrdefs Sync="TRUE">Esri</attrdefs><attrdomv><udom Sync="TRUE">Coordinates defining the features.</udom></attrdomv></attr><attr><attrlabl Sync="TRUE">SOURCE_ID</attrlabl><attalias Sync="TRUE">SOURCE_ID</attalias><attrtype Sync="TRUE">Integer</attrtype><attwidth Sync="TRUE">10</attwidth><atprecis Sync="TRUE">10</atprecis><attscale Sync="TRUE">0</attscale></attr><attr><attrlabl Sync="TRUE">Join_Count</attrlabl><attalias Sync="TRUE">Join_Count</attalias><attrtype Sync="TRUE">Integer</attrtype><attwidth Sync="TRUE">10</attwidth><atprecis Sync="TRUE">10</atprecis><attscale Sync="TRUE">0</attscale></attr></detailed></eainfo><mdDateSt Sync="TRUE">20220301</mdDateSt></metadata>
